Date,AAA,AAB,ABA,ABB,ACA,ADA,ADB,ADC,ADD,AEA,AEB,AEC,AED,AFA,BAA,BAB,BAC,BBA,BCA,BCB,BCC,BDA,BDB,BDC,BDD,BDE,BDF,BEA,BEB,BEC,BED,BEE,BEF,BEG,BEH,CAA,CAB,CAC,CBA,CBB,CBC,CBD,CCA,CCB,CCC,CDA,CDB,DAA,DAB,DAC,DBA,DBB,DBC,DCA,DCB,DCC,DCD,DDA,DDB,EAA,EAB,EAC,EBA,ECA,FAA,FBA,FBB,FCA,FCB,GAA,GAB,GAC,GBA,GBB,GBC,GBD
1998.0,3743.0561068,1234.1535037,1320.6748346000002,4002.0638870000002,3569.6213724000004,282.6135487,277.2580087,604.1673479,308.93170430000004,603.4201488,602.8760321999999,118.60716710000001,235.6109064,612.447811,2022.7225623999998,1393.359125,438.59089459999996,1653.9957826000002,489.29779599999995,630.3984340000001,1019.0510862,360.1828535,205.42377379999996,704.7698765,17.346197,82.52212659999999,25.132756,23.956957799999998,331.5141036,178.0434271,431.8680711,24.5760727,96.8998666,114.1513643,149.8148883,2173.2193035,2407.0902006999995,1840.9269148,230.5638972,170.3748032,301.46231989999995,126.0118687,203.5572567,386.934341,497.2963544,191.32972449999997,104.592062,1460.0113132000001,18.8435933,18.9648622,556.1624205,254.9663565,93.93932330000001,180.5479153,173.2869466,62.6477689,164.21933819999998,212.6744804,308.0490278,316.95594989999995,1482.3856469999998,768.8071698,263.5703417,289.900081,847.9735793,228.70259099999998,531.5900215,195.5124261,46.9571556,46.8480279,2.584923,21.1276027,22.1310265,19.7768704,9.1651715,10.289907099999999
,1691.6644359000002,245.56517520000003,610.9398316999999,903.4916802,1066.8827696,73.10868020000001,160.2386891,112.32887609999999,89.65815500000001,148.4923012,174.9908081,51.9434112,79.8002719,471.26283299999994,1448.6804576999998,312.86062150000004,139.2212787,342.70588710000004,142.7098108,243.5050688,198.54726360000004,130.6898229,38.1991054,110.2670016,154.161427,83.5063411,5.6515668,6.0839842,166.56284340000002,50.9674105,85.8036448,13.9023649,22.7025176,127.14020099999999,31.779220000000002,652.7402920999999,1302.9047819,477.6680521,217.84213819999997,72.73986169999999,109.3018675,181.1290919,72.5737094,218.7600065,177.0184227,95.194148,2.178693,492.10389060000006,32.758272500000004,0.0,113.0030271,219.87874850000003,12.9585992,24.1513061,51.9487529,27.629560499999997,69.7488306,154.3720916,122.7049126,95.38593209999999,849.3013623,370.5312305,360.128887,151.2632646,227.80270349999998,149.6244807,257.7466644,93.8828624,28.0230326,44.4561755,5.6873909000000005,11.815503900000001,1.1998002,4.7060873999999995,5.2964594,0.5228986
,1874.1468753,243.5249757,497.9122262000001,1185.2969417,1179.8472561,155.6462828,189.21445450000002,275.2003543,134.2759383,331.87204799999995,369.7435239,114.009915,105.5547847,430.1988155,1393.4740382,225.49747929999998,115.975191,438.0151192,183.016979,283.04511460000003,185.9099405,312.53182730000003,167.26359950000003,243.1889093,43.5923377,95.1412301,24.8966086,20.6517643,177.8750516,74.91225700000001,112.950383,4.4379838,72.9905734,105.21357750000001,72.79931690000001,918.0142488,1588.1252242,731.9656484,122.2431646,70.0915062,171.340926,122.7493321,41.1299108,212.7923545,291.9296227,400.15983470000003,47.1348903,834.7616069,20.3786571,3.5495909,123.4270947,159.1337668,36.837177,20.8340575,48.0034393,15.678321799999999,45.3122296,52.5652429,161.46882209999998,82.3087076,742.7215504999999,720.2813994999999,87.30388679999999,235.76598589999998,518.5334286000001,69.43762489999999,169.7891656,114.0671937,28.9692089,204.1274031,17.2472617,32.8530187,3.9733555,0.8894534,17.3951959,0.0
,2206.4634717999998,409.49399370000003,1597.0842768999998,2037.545772,1072.5707809,190.09355250000002,324.9505211,332.2069153,172.45088379999999,631.8148113,455.47722519999996,424.5962304,176.765446,499.1254673,1244.7709452,186.5356664,261.62643860000003,533.1466229,348.4885795,413.6179882,111.5615152,232.1915315,91.7866394,406.4504138,103.12697,107.368038,42.9498261,51.4278542,419.4137686,101.2701357,130.70094269999998,51.309827999999996,59.864284299999994,81.04440169999998,137.2131405,1074.4844449000002,1083.413409,930.3384195,197.163231,84.3795755,193.6754727,283.43884360000004,237.48405540000002,139.22716739999998,345.58360569999996,280.34456370000004,75.0424155,831.4529777,24.0203289,19.1909752,136.00805839999998,157.41597059999998,2.9868437,36.0516516,147.7629693,39.7316196,95.92783179999999,135.5541417,187.3358083,270.0092548,705.5714176,581.242899,114.3914422,281.39745189999996,383.3111079,104.37171989999999,151.4839646,119.7101157,42.56723219999999,148.2086694,25.497904600000002,5.3555209999999995,0.0,15.282432,42.4218677,13.2700932
,2161.1171212,232.0283903,543.0018906999999,1067.0028833999997,927.2697264,203.5765538,264.5472931,232.0528885,351.1590923,341.41478820000003,388.8828504,231.74289389999998,148.2597135,338.3174728,1451.2566229000001,183.1389775,129.4682989,235.4077991,257.1120347,163.807143,112.83426,138.0748996,86.5383288,314.3594099,32.0326899,72.4789038,51.5103971,44.256918399999996,170.40637949999999,72.4009095,121.325453,68.073809,25.4121525,48.5802715,42.1907673,619.8910280000001,940.6056172000001,694.6984909,393.16701,216.04074839999998,118.38595670000001,129.0808882,135.40153859999998,143.797503,404.16464720000005,279.2360838,144.8141348,552.2642882,67.70663359999999,131.3659772,110.5486129,105.84322420000001,10.4536679,18.5180854,56.341121199999996,32.197187799999995,121.9686811,64.3879663,103.4866495,232.3071626,721.3413698,351.23677849999996,1163.8770273,148.20297839999998,246.07920389999998,49.37372190000001,179.8079212,59.26495,16.8512615,115.7863956,63.965084000000004,21.1108377,2.6285722,19.877964100000003,92.91825549999999,0.0
,1746.2674334000003,189.5852882,507.1174519,1320.2439608,442.2712818,149.65592089999998,166.3893186,271.5291275,326.4351469,237.3185107,204.5592036,93.3452446,92.926227,236.2944046,1391.9087123,210.63602790000002,92.3023524,175.0400061,128.7647986,87.34410659999999,156.8385519,124.83902069999999,150.7492025,209.22812359999998,10.092457999999999,4.4144662,4.0978928,54.9963481,72.26242570000001,40.485530999999995,220.8874746,12.187870400000001,43.630584,88.4470843,56.366240600000005,959.6408132,937.9476928999999,531.056573,363.60389539999994,99.346704,233.35364529999998,93.406621,149.6899869,364.3778377,326.0345524,538.2593113,275.5413789,413.2855045,66.2280664,0.0,66.9629362,118.25756039999999,0.0,63.4254404,78.25888619999999,32.063458999999995,217.47470760000002,85.2699047,62.5831345,139.3815959,726.9230247,284.1648989,188.04820970000003,105.42436139999998,241.74184350000002,81.836602,140.2297474,129.78743079999998,10.4441965,239.69101350000003,157.4132513,250.5090083,11.7504925,53.9964655,75.62886999999999,5.0565982
,2324.044298,286.05100250000004,559.5441471000001,1119.2905566,692.9377794000001,607.5272206999999,143.3692961,220.7850106,103.2446257,377.88328169999994,226.8125157,123.09536270000001,267.8435548,370.55448359999997,1514.2542517000002,203.5741302,130.0969404,228.3560225,214.70928910000003,207.7676959,23.1768756,131.6949019,208.1951493,354.240808,55.278658899999996,42.359998700000006,10.213920700000001,27.911306500000002,192.21452109999998,52.939712799999995,93.56406500000001,0.0,51.4303005,100.6606972,90.2349948,1471.9335439,1246.9931199,1078.7962813,335.7866905,306.88586369999996,269.48977820000005,193.32932570000003,43.193697099999994,158.02482129999999,585.2667175,322.1228344,158.49341149999998,856.6595518,22.4280428,22.8499571,111.1438327,161.3514404,9.2391875,44.829349,45.170175799999996,1.6504415,213.10000899999997,77.61996800000001,30.6322371,455.7913907,984.3727831,327.5058577,512.5854686,320.29143700000003,270.90540880000003,24.5994163,65.2088648,57.219606999999996,5.7256219999999995,453.55980639999996,33.588747100000006,103.41283080000001,24.3200835,24.717557,190.29760510000003,28.3365404
,2161.7749264999998,244.2949078,408.0017914,918.1932844,620.7997963,570.2506152000001,107.3831653,317.9833968,293.48927139999995,320.7542392,316.9670184,150.45159139999998,127.79844319999998,374.5934158,1327.3330694,138.7303816,122.57622629999999,238.40273009999999,104.7992653,178.3962263,76.8784647,52.2099496,48.959296800000004,478.8121397,23.9382149,44.1778413,35.8803991,45.0985188,205.59059729999998,38.4647688,44.8147729,22.3797499,63.5282289,43.5662545,74.7380128,1278.2371853,1218.8542025,845.1547618,257.5553741,66.5445656,280.4849756,213.5630718,187.0786822,712.8707741999999,1156.2596786,313.16775229999996,442.79767890000005,620.7131406,15.7154698,3.1095561,69.0537449,27.4340349,25.6826767,16.9579031,59.89131750000001,35.009525999999994,66.0681887,86.11613399999999,145.8097373,354.29665620000003,892.1879013,344.6559022,420.80926880000004,198.26735430000002,105.04404619999998,41.9851325,102.0622861,41.2851578,25.4558224,725.3320179,973.3572333,73.206218,66.1882976,42.0059759,100.8919665,39.3318509
,1780.0442276,54.6023305,500.4375034,1164.7638239,614.3152578,218.0629469,73.4527671,347.8073041,260.9784201,446.3842213,356.8730291,59.4863819,125.984175,449.25040690000003,1571.6270099,100.9898501,117.6252216,273.4156048,217.61642220000002,222.0359847,90.6576908,104.3362219,168.1145047,287.05028500000003,33.2263832,44.3394186,2.0894338,14.1524884,182.84312079999998,51.7603923,80.66733230000001,18.9457581,20.717018300000003,71.2150225,67.6161487,1844.3068053,1225.6403014000002,1130.4803969000002,299.104124,307.8419277,238.55495989999997,375.3730324,199.8037612,239.2689948,1324.6649079,400.14954539999997,376.9875761,645.2538063000001,35.3222982,12.420503,60.0679857,27.5704898,11.0868111,40.5059039,70.4738672,16.4284934,234.7309859,48.7017675,48.238290500000005,586.9668968999999,758.8229884,256.4740507,295.1410128,307.441827,176.94447770000002,46.9039907,55.801284300000006,72.0700839,16.6199686,262.8760454,20.799874,38.342770900000005,21.9655866,61.4275048,96.38515,2.0492046
,2175.6015074999996,210.09487080000002,465.7724711,2213.1185141,928.9172047,177.4898814,260.33389569999997,263.52321759999995,167.79804829999998,588.1478848999999,245.41731319999997,367.89788419999996,250.9638069,517.4064734,1639.562598,275.2255581,74.6296389,442.1403741,170.7728806,158.6332699,135.6655255,181.69622850000002,75.04511480000001,157.3262719,50.513950300000005,36.4794986,37.3086352,9.410005,190.1341485,77.9587669,198.47055639999996,46.0883281,33.4668015,117.8021351,143.1261061,1128.7859277,1259.9107961999998,966.9636644,404.7128481000001,86.6684884,139.9670376,493.6813561,348.2654347,144.605701,598.0349453,237.20718879999998,291.5876894,464.84211460000006,53.1041333,11.697756100000001,101.8315677,139.6978187,11.914581,116.07519959999999,151.6175538,35.256095099999996,371.8119197,81.7330036,117.2454256,316.84640959999996,1055.9943306999999,621.7328311,265.2998655,309.91361689999997,251.9285461,56.5033482,188.4178933,102.03011430000001,34.3411074,371.4056736,12.484909899999998,23.282879,19.1777355,70.765975,263.34287409999996,40.2986904
,2081.0230835999996,198.025845,557.6365231999999,1021.4230235999999,885.6842499,138.2807859,160.8848576,306.8918772,215.9598056,832.2098708999999,286.6945164,160.0281277,194.5712615,424.3889058,1731.1866311,220.4985424,195.4780106,324.78262250000006,78.83655350000001,250.1010665,126.0712438,90.12574489999999,91.2743026,213.357488,57.3797098,25.0922189,27.0012845,22.8604203,179.0488058,110.1594175,116.4449185,35.4252146,32.410740399999995,104.353475,96.61248789999999,1357.7048747000001,976.9960162,803.6015029,202.0915349,111.3381536,181.5529405,256.4883684,115.92792299999999,193.85388690000002,402.0932325,262.6134713,133.8270238,539.1178483,84.28632669999999,58.7026936,87.3535914,111.668797,0.0,75.7382347,74.8362637,28.3100238,274.61992300000003,96.7257354,146.8731067,282.9989517,746.5417597,440.9322282,491.3671987,473.5909037,252.69563000000002,91.2822358,223.20721620000003,67.266528,23.3215288,139.63489429999998,82.9675762,11.1521707,60.938309700000005,23.7238629,17.4065039,5.4163861
,2111.8419468,350.5143835,494.1274611,1406.4546692,961.6942907,147.17099480000002,116.58556949999999,249.55326289999996,129.8889048,380.4272823,217.2482935,48.6551828,82.10000880000001,485.6283535,1780.3275413000001,209.9920908,122.7772355,484.7297615,132.91591970000002,212.5148843,202.5502401,297.0729102,153.56014309999998,193.61018,19.975691,37.357913100000005,7.1705191,45.9721813,162.07610269999998,45.958613899999996,114.5727355,37.995822200000006,34.4609512,32.150740299999995,74.8454381,995.6429344000001,954.716312,751.2547136999999,321.4962498,178.79967879999998,311.09311399999996,80.20305880000001,56.54239919999999,94.11244169999999,468.9042666,376.89442510000003,54.9463218,494.44596640000003,15.4219099,3.1512492,120.7815696,134.3227094,16.011262000000002,46.091380099999995,35.7135269,26.553067499999997,160.71574980000003,94.69150919999998,117.76690210000001,371.42163100000005,845.6636017,598.7944216000001,138.0580825,235.1170805,239.68063929999997,100.94390030000001,146.2220399,190.34699690000002,47.935949300000004,61.5080305,37.0751036,3.8531442,19.292268200000002,0.0,1.8746428000000002,41.3258054
1999.0,3257.2401081,768.9197661,1328.1488599000002,4325.9626866,3361.6447621,348.3249375,396.4751713,523.3084104,489.7009971,579.4467027999999,731.3798402000001,77.0998073,450.07824259999995,600.9175759000001,2647.4179967,1819.0444237,788.2923291,1777.9627128,470.2104468,708.3681404,605.2022044,329.59343659999996,168.3645573,528.4406886,39.915903899999996,126.6575134,13.479222199999999,54.998299100000004,259.1419761,79.75972960000001,262.7707295,77.5314359,55.391580600000005,120.0073873,245.75755479999998,2330.8500791,2503.0178935000004,2203.7745534,329.9601246,300.8525444,677.5448567999999,328.5288828,169.28213430000002,602.065834,684.5582606,583.1673877,289.9662387,1093.8068489999998,30.8949469,12.2575837,312.9218736,414.3719054,42.7724744,123.5804484,211.7485494,8.7707678,232.3440236,211.76326749999998,282.9096058,348.63721310000005,1436.9569586999999,1290.7703526,263.407283,164.4690739,756.7807511,291.11746300000004,236.147031,242.9540435,133.8086069,213.6929895,33.6047852,39.6096634,5.693936600000001,12.579710200000001,96.85999629999999,43.1020205
,1436.0756662,366.6516975,545.1236597999999,1331.589518,816.0100808,212.4167404,176.93138710000002,179.74068690000001,113.37020430000001,262.9357948,185.5980815,232.8496687,143.0367887,398.0432861,1552.4181022999999,406.1304858,213.56139750000003,257.5987475,84.2951319,137.7042906,301.37750339999997,194.8637966,42.6781654,139.06622199999998,25.8763628,11.0644419,42.32364940000001,36.2522788,113.6384481,45.1916213,114.8562533,33.288395300000005,54.1682348,86.79885770000001,65.5994853,1086.2894288999998,1407.3726530000001,475.34319980000004,306.6037296,123.3651174,112.8435849,66.6781256,184.8244909,158.3026092,189.1371816,272.85538110000005,44.644376,621.8265746,33.7033881,7.2491958,118.97705719999999,201.09878410000002,9.3013198,20.6051077,45.3249738,19.907191,32.9465932,158.4581148,59.37350910000001,178.1020745,941.4914329,442.78382780000004,90.2587756,72.6379324,372.3087262,131.98438579999998,197.6883858,154.0166536,14.286607600000002,33.8519924,4.0611085,33.3747889,0.0,0.5807988,43.9089007,0.0
,1897.8343336,217.2666443,460.7735032,1483.3314571999997,668.8897172000001,128.6966915,228.4107907,231.1825688,148.1169839,371.70310099999995,473.262259,63.2967414,185.18348939999998,438.5425689,1345.8446592,140.4207184,265.4571585,348.2204842,211.83521610000003,213.04092140000003,163.8900098,139.2749285,89.4732236,218.9693555,15.3616493,131.5128647,50.087848199999996,13.4715285,141.9630072,95.0640248,99.0524778,17.6287684,28.6976478,80.3752587,62.9857528,1070.6756342,761.8473553000001,824.8242404,138.20838609999998,50.158846800000006,199.3519895,53.0495591,138.5075745,112.9618935,240.15796120000002,191.9969437,75.3105016,481.2311244,4.2164043,6.616474,88.5351806,87.0236606,2.0481706,29.7909322,86.6780817,32.2429059,115.9070638,137.9543841,112.2525363,205.280212,1137.7866265999999,631.6265574,117.14757839999999,156.2012623,299.24719749999997,58.655610200000005,246.7201473,105.0292269,54.922558,157.5181561,8.1811893,15.5016511,32.5664894,27.5682382,91.48840709999999,24.399721399999997
,2353.4904189000003,232.00119779999997,787.5041168,1564.7268368999999,1320.8691350000001,232.5326299,286.05870930000003,354.5612221,312.942797,367.7322663,360.92976719999996,282.0174438,190.2785546,514.2703662,1369.7989490999998,245.50144020000002,95.95245159999999,448.2868423,298.3150783,274.56611710000004,256.1058359,136.2552884,80.68936719999999,399.1865156,112.6157196,70.1879122,19.3267301,25.725170600000002,186.05961200000002,49.426373100000006,156.825716,21.612070199999998,40.9797682,126.3901137,204.7891588,1377.8334866,1514.0716834999998,676.5547191,468.2236454,143.67476969999998,152.9640099,130.32664469999997,257.9246336,820.4589875,565.5023522,374.3383038,195.0888525,781.8938342000001,46.5383758,10.947741500000001,116.63513340000002,204.9242967,51.171700599999994,55.715534999999996,121.5981038,28.2917899,196.66085930000003,151.983925,183.244763,379.2371668999999,1666.2241895999998,621.6971724,160.70077379999998,90.1167437,331.00752509999995,69.56258270000001,120.1203787,112.2966698,17.529051199999998,100.52655240000001,28.0947193,47.5347037,7.2885319,14.2725107,60.738166699999994,11.7758282
,1830.9814509999999,241.78615580000002,577.7510748999999,965.8195400000001,800.8984837,57.6146224,63.8281826,195.20522449999999,175.36363409999998,327.88509949999997,191.3335052,339.9273277,148.0889252,436.42380390000005,1267.0044542,103.6200378,166.2754715,594.1245731,86.27560700000001,138.09144609999998,104.0566223,160.5447325,86.9753483,270.3749806,59.5876286,77.96056460000001,24.2207443,25.2061982,145.1466714,63.120535700000005,124.1971647,32.7158349,58.4551105,88.3102211,60.949993899999996,1144.8622527,1281.6175081,681.6983644000001,204.5027034,190.9011913,136.3335413,269.9797892,49.5224549,204.53108469999998,459.88932020000004,314.38552169999997,263.4808216,654.8094060999999,20.6591486,19.4201676,137.6402506,126.9075278,24.2136484,74.9308101,88.0870302,24.020312699999998,140.58316539999998,171.1885464,86.2884974,428.6079896,714.986278,395.6684025,239.52377930000003,212.9020132,165.53554029999998,67.1576762,184.3757948,64.53490120000001,28.302670799999998,188.60386929999999,108.5059122,75.69774130000002,4.6674001,91.43909640000001,67.3101377,9.081387
,1461.5733513999999,391.34226770000004,443.9219279,969.1644353,631.4722686,265.1182496,156.6430745,209.0090004,78.01348060000001,376.1150909,325.7559623,110.69886319999999,263.6021925,355.6034302,1256.5282103,231.9093821,129.5149503,278.52168009999997,70.8867342,238.31897210000002,73.3244977,76.963398,62.9254717,260.1530068,17.0983581,84.1716915,10.304671,1.7512508,270.4745496,40.631633300000004,68.9912135,22.7193563,49.4456457,69.5168011,64.5445477,760.2216907,1255.9369638,834.8561601,311.3228931,136.3181544,144.1323107,158.0430346,66.40373260000001,254.0080755,604.7360248,434.8539284,45.873441400000004,541.7548322,65.006207,16.1837062,59.7698328,123.57811250000002,6.5192192,85.9855883,73.03185769999999,20.9574318,62.9775097,69.927168,129.44976929999999,390.8733224,776.8441341,399.3299566,362.1264987,283.9081965,297.3218021,56.3781724,86.4479656,156.2627643,17.6396521,187.96677599999998,86.51242049999999,153.8762443,82.87606339999999,38.1597657,96.07776679999999,8.214558199999999
,1912.3542996,245.1429621,459.4280753,1384.5847755,1009.2837188,271.7748042,169.82492650000003,139.4025241,92.81453289999999,786.2630047,407.1586651,153.7641217,218.02996299999998,837.6690203,1686.6635281,143.628647,195.734826,167.51695970000003,90.5045976,98.7397924,129.492934,137.9959496,123.3236712,393.4890811,23.4960697,31.545493200000003,4.4555955,28.204543,140.1981056,66.4437156,82.9265777,39.222875,12.762975,41.7858273,65.7673493,935.9139331,1344.3781749,979.1007873,154.0080666,76.0379985,120.27434840000001,466.7974878,349.36135529999996,415.31354050000004,658.6111880999999,577.7757273,213.5144139,846.1992938,5.0308368,44.9391412,75.3376296,169.4830302,0.0,44.0611155,90.05010239999999,36.4599131,315.3798167,78.7424827,94.789212,380.6329104,1041.3779131,548.5305976999999,540.2328309,226.211156,295.9717781,21.870169100000002,255.03516009999998,18.9301129,16.0933652,365.4036681,109.8173025,70.6836852,15.8537355,81.3161491,131.8149716,16.337809
,2004.0680966,133.18180479999998,526.2460243,1248.5025096999998,525.8392749,488.4518995,108.51524330000001,119.8839094,186.7511474,295.4684105,317.1313262,70.5230238,158.0025376,314.9724786,1140.7120433999999,139.9502349,158.9176815,173.2495845,77.8416071,203.9693136,73.6493856,178.8927482,53.4939786,305.8050299,51.3749741,59.9563634,195.5698476,17.700909699999997,197.0671185,25.646898,118.5109138,70.8878661,15.437745099999999,61.016968399999996,60.5466809,1758.7847956,1257.6612305,901.5258527999999,385.9537488,100.7468303,369.3987573,212.75572019999998,155.8155352,933.8115355,939.4800407,441.9548157,213.9796187,380.08516239999994,49.252723599999996,4.2770032,44.4108133,129.29463230000002,0.0,11.8708391,89.8705605,26.9826607,164.8960717,115.51119510000001,28.671998,265.6780546,657.433603,336.8469966,708.2688392,350.5580305,206.94524020000003,44.7035155,61.34946899999999,68.6355961,0.9685473,452.5463178,62.6680308,129.1998612,8.185303900000001,12.2031264,125.1733594,55.9387886
,1793.308904,221.0233925,464.02670259999996,1354.2680638,490.74366,647.1207294000001,118.6095493,275.3762502,195.89088999999998,433.5876138,261.0249377,283.3183052,111.6335431,314.7743996,1137.5531596,53.205610899999996,67.594533,409.0481929,78.3026294,108.9574534,43.929175900000004,306.04691460000004,45.642318,247.38182399999997,166.49024640000002,35.2586802,18.3616169,39.4255765,222.70268049999999,35.0467397,112.7685119,36.1380805,17.6141755,82.5490946,110.514766,1328.9100257,1687.3513944000001,947.1628271,764.8087373000001,311.61557339999996,307.2155927,429.10202080000005,278.5446135,454.48127020000004,1206.8207411,460.56507029999995,381.807261,650.3485552999999,31.8230762,1.0923393,57.88347569999999,103.8255375,17.39742,13.6944596,44.7610171,46.8421225,100.48023930000001,98.81958619999999,65.56914910000002,348.96071550000005,973.6725535,313.77000089999996,418.0553477,316.030022,301.43815800000004,51.304212500000006,60.462055400000004,93.9770887,3.4015379,379.87628760000007,49.7686793,124.951733,3.8261136000000002,25.256294500000003,42.037380500000005,18.4771047
,2149.7810626,240.52032799999998,819.5805598,1600.7825217,871.1919019000002,178.13667640000003,285.9981105,353.9118002,186.88476400000002,580.1889265,385.4972261,268.9942432,189.80880969999998,798.7885183,1340.5662183,128.2804752,105.7685539,383.34383190000005,178.8819552,197.0288197,173.98949279999997,174.81097749999998,64.26514879999999,282.8983621,71.1465185,12.7420342,44.861365,10.8574885,148.9229749,83.493378,95.97557529999999,25.0912385,39.7186918,85.95034430000001,138.2915832,1436.5659231,1329.180981,1225.0118054000002,280.7831576,199.13211460000002,210.1074058,133.6413489,176.5013748,266.0288435,1110.7762933,442.50435400000003,168.8551109,732.9475361,35.341863200000006,15.9376338,164.90931089999998,151.2484572,10.834636999999999,73.8757003,96.25747139999999,21.8703039,169.3997619,191.0697333,66.0542825,295.1552953,836.5532933,591.7472262,184.55924700000003,232.6632119,133.7759577,52.25418,235.4300906,184.39855790000001,31.4081786,111.51934,26.1703973,15.8611408,13.656267099999999,79.8599082,171.4829997,11.3050958
,2102.0184636,281.25767019999995,867.8400712999999,1272.0208552000001,646.7291100000001,122.1647961,156.758029,248.365039,166.39120799999998,403.85682,230.852505,62.961875199999994,162.70353490000002,513.5343773,1188.3620124,155.37208669999998,128.8694983,303.7184892000001,137.7076327,184.6394506,103.15279340000001,178.900756,43.4284617,220.063813,26.3094852,13.1238678,29.2901063,51.2853123,183.1952287,59.2357426,166.2511982,17.0483062,35.592280699999996,86.9756269,118.30980870000002,1368.3190567000001,902.2664638000001,668.3891343,186.434865,118.8855118,38.1287657,93.48280240000001,276.74077520000003,70.2193691,1052.6029489999999,464.6228977,82.00783949999999,567.0150167999999,64.0911784,8.5387025,79.9853862,150.29228880000002,28.9081562,20.6100979,31.672005900000002,26.9396993,29.9231656,111.2891093,92.301713,294.6230253,579.1724376999999,558.8813304,155.3996814,179.5727008,249.4284539,51.293810699999995,129.7098402,59.036692200000005,28.993660499999997,187.70131779999997,146.1421762,92.26899900000001,0.2630143,1.5361663,36.5576942,1.4664806
,2249.7328617,422.7761459,423.4494252,1252.2365637,975.7768553,104.8870283,237.86238730000002,286.21262989999997,183.21647650000003,512.8895716,178.9014751,97.39738059999999,137.91940369999998,415.1038328,1295.1532714000002,210.92650360000002,109.7911858,244.12862389999998,115.6718253,115.2800203,51.0862817,102.9151227,67.8871575,357.0287745,80.45187419999999,38.2740151,17.7979388,5.4669956,91.2230261,129.5026552,140.7644736,9.6648568,19.7647968,68.5386751,34.0887491,1050.9274299,924.9438723,894.0168601,128.92835589999999,100.47502730000001,100.8830039,91.7556554,160.49511049999998,314.2762572,744.9988054,393.6817777,356.6187638,787.5717602000001,13.5365005,1.2367702,70.49538129999999,110.51973790000001,2.7008013,45.9669264,89.6273832,15.8179214,74.7514493,142.2772746,67.6064805,375.66957049999996,811.6096801,474.30765479999997,60.17234500000001,339.4610304,272.44288380000006,99.9307141,113.1647981,69.1910747,22.336111199999998,74.1997248,7.9497149,38.2866795,0.0,7.2632259,66.048533,2.2969677
2000.0,3209.9238166,767.0767753000001,1204.0945145,3290.8155004,3164.0353390000005,279.09864749999997,254.9869557,518.5273015,319.0955939,597.5067621,573.4101344000001,53.425789699999996,189.8326633,1094.4369349,2628.2996759,1033.9779648,734.062129,1471.0999025000003,666.0008074,459.1512686,517.5548337,242.17030519999997,250.70530150000002,454.8676698,49.6140146,181.81297690000002,43.6453737,14.8037894,339.3624832,66.6317461,388.6031266,50.6599091,99.7873493,216.3179652,120.0582691,2086.6361263,1901.9530126000002,1734.4874606,499.5354088,127.709037,409.36175180000004,216.7504538,269.6741507,406.6701984,646.3335400000001,422.3894523,170.93362770000002,1491.8798164999998,87.84917180000001,5.9077498,418.61299,257.8988386,191.3321779,196.033178,80.1564545,60.207260299999994,129.2142934,231.5357464,401.9184104,459.3144321,1467.5893512,1323.0069093,67.4851293,206.8854233,459.597466,182.46982480000003,261.6461756,174.3015747,37.923144699999995,151.0160156,10.9401437,249.8885289,19.1656038,18.4341427,36.8820228,15.0386953
,1512.5763038000002,181.5690291,476.2091484,1485.2674702,1169.1902297000001,146.4422355,201.0248804,130.3948091,161.1769799,320.2153089,244.4970653,136.7268018,127.1502014,534.520316,1015.831111,302.112716,266.52052910000003,340.3857198,165.3400783,164.5730602,153.3496371,301.10004230000004,57.5612777,119.65080230000001,57.5496247,42.8984902,70.7931659,13.506141999999999,132.1166506,38.986712399999995,281.2842918,24.7875755,37.7946046,68.66147480000001,41.5127121,885.1143893999999,1124.6908736999999,739.818917,176.86325399999998,35.4511498,43.711168799999996,37.556759299999996,59.7253484,234.9230094,413.9363317,208.1738335,463.55150080000004,857.913881,16.0411021,2.0254667,117.1842026,121.7740087,19.2249071,68.5864048,98.00956029999999,6.3324701999999995,235.08040470000003,37.709445200000005,113.68503630000001,117.3520913,811.6652879999999,359.1421717,119.0842844,68.3725594,256.2845744,125.3650524,148.6813161,104.3042985,21.3039132,276.3723691,34.372712699999994,42.3218132,2.3861867,3.6967618,14.4281423,1.6704704
,1865.8546204,112.08069300000001,459.2165152,1381.1984005999998,1023.4468981,61.4539485,76.6551641,189.3391894,91.3663127,243.5792411,392.2509535,39.6873405,153.29821139999999,536.501718,2059.9301781,207.23528050000004,99.6119909,387.52806599999997,196.0119284,192.76919619999998,123.7166458,169.97985549999999,56.740040699999994,127.0307305,23.4758197,43.013713700000004,22.4285778,30.4588837,239.9502186,39.9632822,153.6273797,39.7981726,43.3969459,52.844657399999996,65.8607146,1160.0785286999999,1539.7318243,507.4440059,231.5255898,129.9368719,118.68951779999999,188.66482969999998,187.989894,209.26164649999998,412.4504957,256.2893427,18.331837,677.8864708000001,21.280417399999997,18.293832,104.5738078,145.27367420000002,24.0481838,35.538529600000004,46.108697199999995,7.2483979,72.00649380000002,175.84428290000002,77.7591949,269.6705408,1280.4995212,561.3099579000001,314.0825668,227.586613,468.4568954,79.21914079999999,124.67286750000001,117.8127461,38.1294174,169.0444445,48.681094099999996,55.868308199999994,1.1318474,16.5428925,78.2010971,2.1938171
,2010.0685746,500.26480069999997,775.961088,1310.6401346,1218.4995148999997,181.94063229999998,380.6360055,256.6933795,119.68670490000001,503.83416159999996,277.4638483,66.2451169,212.48992890000002,582.0072232,1609.3045353999998,546.3477266,168.22307329999998,583.7326633,173.4491641,306.1647398,288.6022143,170.7465383,69.7368036,393.15589190000003,63.0443305,113.65346339999999,0.0,7.985881900000001,178.3028221,73.29424039999999,230.1860412,34.6182009,99.65204200000001,139.72359820000003,141.1777548,1436.037227,1465.5380528,982.6033629,254.7943277,122.9267128,184.8513659,111.4152355,180.2387385,232.1709831,343.6033823,547.753633,238.821232,579.1674664000001,73.4527579,15.5366514,234.85639970000003,182.8872521,32.970257000000004,42.8049423,130.1433279,29.24051,120.07385029999999,222.8037888,192.1615868,253.1390049,1004.6745117,979.4979741,192.0390061,276.85441430000003,220.8494997,131.8460157,245.48350090000002,113.76225419999999,31.679522,225.37609070000002,34.9749228,66.5742913,33.7915724,18.6021907,49.356176,6.0107489
,1765.6375216000001,186.4385397,379.468625,902.4666666,1882.8648785999999,111.7970871,264.7833878,147.231616,313.65409989999995,336.2860167,223.56191,147.1842954,88.2333803,571.4175998999999,1278.9813431,76.199796,123.15407060000001,219.9070493,64.9552413,191.7111611,44.9702869,49.5652894,66.4339748,587.6211031,45.8155572,22.0651057,23.4795363,9.0158487,251.5265983,29.7866648,113.89472810000001,4.0422309,19.1476924,86.63179600000001,94.9088597,986.6213483999999,937.4407331,632.4515494,307.6483275,294.62904149999997,72.918141,115.78618349999999,61.5468237,275.3606311,569.0767562000001,286.6440413,307.5688093,630.7616051999998,18.2625197,38.1998267,61.92600010000001,63.9785983,30.750767200000002,24.8439003,76.5439918,30.2603975,50.2813481,315.8157401,85.5702252,216.6679502,924.0858046999999,540.5443854,173.1378896,135.453623,181.5717695,30.8665689,140.42767170000002,29.5087723,35.64511519999999,111.0691726,60.26655889999999,49.9857341,29.5806513,38.3729482,54.69678639999999,2.6437007
,1606.8241861,222.81176019999998,589.6576924999999,899.4253794000001,357.15949290000003,165.2074634,111.7329416,182.69777549999998,101.32549429999999,400.3410727,257.9211473,37.2286464,194.5133464,433.151115,1337.8861522,136.8004551,111.0257874,203.3754279,153.3052015,102.16788880000001,102.8404621,159.099236,21.065678700000003,194.86692549999998,18.474980199999997,22.940446,13.513367599999999,35.480981199999995,179.6069545,32.898322699999994,131.02643690000002,10.846802,54.204870400000004,105.100241,67.90298680000001,1338.2474207,879.4932549,673.1585934,482.5681961,110.3001827,228.0804077,43.3313379,73.9810336,206.34789680000003,452.44305699999995,330.824684,111.91121080000002,581.8978427,20.4874458,6.070880300000001,188.5593659,102.2192982,2.0169212,30.422628900000003,28.0611415,26.8065469,138.95869629999999,96.144674,65.5469192,261.5663917,858.8695734,400.3411268,154.1395139,186.7984627,241.5311532,21.9826043,117.6664275,41.658582,22.2722051,262.02127889999997,35.6433778,85.6102459,26.2402023,231.3546764,63.6584345,7.6946816
,2212.7630205,253.65104159999999,421.0670513,926.0520872000001,603.0773769000001,497.9058267,161.3735266,126.14124890000001,100.5551328,319.9172842,286.26855209999997,138.7280144,210.6026186,332.8497524,1547.0440021,124.56809429999998,162.71809149999999,223.05091399999998,120.3178578,167.7706335,115.33771190000002,94.7919421,46.4535926,387.59700810000004,67.1710406,33.2670215,6.4451864,5.4645861,185.898795,69.58637479999999,110.461687,15.419744099999999,29.0993105,57.101877,60.853956600000004,1271.4391375,1508.2064913,794.7150222,325.4094579,98.75604680000001,140.6525519,283.2066996,250.9208529,612.6100246,1026.2290647999998,308.56205500000004,207.390999,682.1995509,47.4180984,21.7300081,91.28071659999999,128.9350164,44.4548757,77.0000801,80.8111208,26.8279203,343.68360809999996,113.6543092,75.60764889999999,367.01071899999994,808.9958294,410.81038950000004,639.6462868,207.36085849999998,165.3750901,26.2719246,189.79287009999996,140.251679,20.601395,493.0765447,147.0883834,68.32709820000001,11.079993600000002,74.6258654,152.497203,28.1953374
,1690.8072062999997,208.5761625,608.9312904000001,1000.2710884,322.2257238,504.5058083,130.0177894,137.7370708,122.41645829999999,365.22255020000006,439.357837,69.8840999,191.1205717,486.13389670000004,1376.2044307,67.5557119,80.83510740000001,255.47610590000005,185.5756504,179.95811949999998,101.5921189,54.3647001,12.330426300000001,278.3144103,26.1058275,65.8817971,1.4701456,44.604736900000006,282.1343516,51.7151107,95.77234170000001,37.1023656,37.7901931,48.6591463,145.45270000000002,1270.2002774,1203.0590365,804.9137132999999,318.56509300000005,124.18252079999999,187.9312273,136.2656351,119.6982007,221.99468579999998,779.8613284,274.4181337,237.85527740000003,623.4125367,57.006516000000005,8.0177949,66.3072483,76.4091936,2.498504,8.7609753,45.12999070000001,9.866887899999998,373.8567375,108.2381692,32.7151349,295.8498952,489.92397370000003,302.4994642,404.9502449,103.7884868,201.67469930000001,17.6398024,69.6588957,38.6616787,16.1357761,611.0995747,23.5070864,51.689914400000006,12.5883488,46.2925278,253.04805079999997,26.2007794
,3240.6919362999997,192.5293353,663.4876076,1466.2007595000002,673.7213278,415.4041751,255.20955949999998,268.4292182,142.3998769,429.3006886,265.9373573,344.49181860000004,213.9000154,366.9189493,1134.7878977,193.9804813,126.5770551,235.33224639999997,72.5759102,182.5474719,69.8734183,217.5462176,75.0749257,412.5449625,31.0994335,27.181552500000002,17.6213981,14.2392054,185.5972085,26.9395656,108.05496360000001,71.5145865,27.622230700000003,82.77943379999999,50.4863765,1627.7924448,1613.8367235,1006.5598225000001,260.2261978,76.56794599999999,186.01553629999998,153.5848324,182.1520298,571.1487835,1521.2181706000001,341.4115195,313.4051494,435.9100636,41.447822900000006,47.5484532,51.498903299999995,73.7977975,4.3029708,24.9163862,98.8761685,40.071139099999996,407.77622299999996,182.23023379999998,95.3826725,407.2388383,532.6656495,376.47280870000003,277.6374613,302.1294337,350.0088793,79.4079453,86.2022631,121.50079789999998,50.6788052,383.2327938,64.3016966,74.65132700000001,21.3284015,44.1615216,164.38189069999999,14.435868300000001
,3353.6840182,325.8063084,630.2690749999999,1564.7767201999998,794.693094,247.7901216,185.66088929999998,263.571408,228.5138047,391.6081631,555.6563514,89.3956788,130.5155176,525.9757463,1709.3125574,97.01533630000002,85.5156531,385.4480224,157.07221890000002,400.2728525,79.3649584,142.4969587,34.011186,207.5537078,43.991654800000006,21.908641199999998,32.0266417,13.229926800000001,333.6711539,43.7759598,157.27569250000002,47.8966505,85.4665552,133.9881785,99.4331798,1086.6216452,1565.2892987,948.3122428999999,418.0205377,145.0388683,283.7275672,230.1950741,139.11908110000002,382.4765924,896.6068231,155.3097685,290.951559,696.2426708999999,79.9950128,19.8721177,158.7995254,97.78312530000001,20.2851256,80.92296280000001,81.4220265,52.1596194,188.7513134,117.9184718,107.49586920000002,277.6519314,1310.7997472,576.0572935,289.3283394,264.49717119999997,338.0696248,27.085307,224.89747769999997,138.97064419999998,67.26557350000002,271.6207857,96.10087109999999,68.80405160000001,43.1981147,25.3132364,79.38543879999999,36.9017254
,2580.9424301999998,215.2651829,617.5136451,1063.5041922,713.4168627,129.3401642,194.17761190000002,251.81168920000002,152.6206877,420.3916965,241.9500978,124.3197232,67.3115333,458.65794650000004,1559.0268863000001,284.0865806,202.7320417,272.7057106,254.89626149999998,231.56974160000001,211.1491799,122.1748804,66.335077,203.22220819999998,63.1573621,170.9594679,6.4739775,20.9880346,209.8162826,24.7467167,125.47086479999999,11.6337449,51.6038576,94.54646450000001,124.5443966,1148.3695392,1073.1822275,897.4810009,246.1634854,327.69037879999996,220.7986803,54.0676601,45.4846804,473.48367779999995,608.8013305999999,364.3760681,55.0744562,621.7514383,40.934366499999996,4.7851298,86.26260590000001,109.98077160000001,2.2304182,56.2490191,21.240165400000002,19.8366007,251.33332440000004,61.8125079,84.0178358,306.7504802,956.4955375999999,415.24746500000003,137.69058410000002,614.9575252,302.9531537,68.4670759,128.2682533,150.6115922,61.6175838,154.10678879999998,45.8142397,159.7805606,2.8969518,2.4110706,161.2766113,0.0
,2478.2249327,560.7895158,972.0171244,1427.8964805,1045.1028968,125.08892510000001,120.41930000000002,402.4406034,197.8326701,360.582672,303.86490549999996,29.177389899999998,106.3633214,433.62211659999997,1338.2923088,280.5133115,305.4628062,437.16809250000006,116.90222410000001,185.6248195,144.1014304,84.6481579,80.6975794,160.9912089,84.68714779999999,36.507823699999996,9.1260866,10.1714928,187.0284032,26.5714958,118.23031920000001,30.779144199999998,67.6799807,127.54389649999999,29.821146600000002,1079.0521406,899.5338134000001,969.9972444,306.37075689999995,133.5969622,164.60341110000002,111.155932,91.2911739,409.54305230000006,338.48380039999995,332.5058389,82.12807559999999,841.5587858,13.9621509,13.2820985,100.2206794,132.1581393,14.456532,29.7128945,59.4119345,4.783868999999999,110.2052496,96.5952348,86.3858776,177.911967,1014.4430822,438.46134550000005,119.2924331,152.0867175,235.82842190000002,115.6890555,164.2506968,76.2490327,25.8180069,231.2775559,9.0562494,13.9834212,4.849794,2.2981749,88.9533015,13.3529966
2001.0,3277.1425372999997,733.2041035999999,1068.6406598,3475.9917140999996,2913.273036899999,268.74452,272.5812127,588.3339224,256.2687818,655.5380454000001,518.1515604,69.02592349999999,201.7462356,355.1468421,2596.6079506,1541.5375777,622.1291964,1508.5203259,466.1941848,499.3832229,768.0975575,372.4993192,199.0389665,589.1404403,121.4488472,97.821929,27.6561744,9.3958018,205.0505275,85.354652,354.69529950000003,40.9767399,85.5457569,67.8510676,162.75163590000003,2009.4836142000001,1687.9577731000002,2069.4454201999997,433.2230814,320.284376,346.9995081,286.7145059,172.60483680000002,424.36875569999995,454.0174094,470.9623785,118.51149949999999,1154.3240638,34.831595899999996,7.6135234,284.8710681,384.4937987,94.0484861,100.2963714,214.1229756,27.0756839,220.5163245,225.6967772,204.05745739999998,306.3843275,1149.894615,1061.4501125,141.34344030000003,325.38266439999995,526.9461845999999,205.2695179,345.27319900000003,144.6399623,25.427871800000002,77.75904799999999,17.2537798,16.739459800000002,23.9355746,8.7553641,171.9431427,0.5983387
,2079.4873539,363.4412547,662.5457535000002,1561.819612,1017.2527677,49.9071608,95.4697388,222.0733233,135.5251613,318.7268154,484.64297369999997,61.021069000000004,130.2958851,365.6852919,1637.9235340999999,380.89418090000004,192.5782875,420.5693978,248.0598053,254.5197314,156.9603369,200.3550032,62.6942358,118.8514236,47.242435699999994,28.4325035,25.8721233,11.617347,100.7419031,54.0708053,122.51517319999999,36.6827564,19.9342039,38.1500403,38.07918900000001,1176.5209611,1141.0832041,994.0193523,203.7947777,100.8587644,39.3726591,130.737139,92.7258227,173.0810602,280.2204402,178.9196065,40.316282300000005,813.0373913,36.8031161,0.8007117,110.2875928,169.0025383,21.169249999999998,29.932361500000003,60.3244062,21.8035304,51.336165799999996,157.7714094,84.47910580000001,164.562717,811.5043095000001,392.91330150000005,83.99823629999999,264.04482740000003,447.2867253,97.003435,196.8228148,195.87755140000002,25.985296,53.3843208,9.892381799999999,8.9681103,3.3638968,23.664078200000002,23.365287700000003,0.4225874
,1605.9965296999999,161.66102089999998,415.39819759999995,1013.9623965999999,960.1532878,64.1546074,67.66739749999999,177.5533806,141.59451869999998,149.00941579999997,272.114536,56.4978866,118.01533660000001,401.5846715,1435.4634396,239.338014,225.95191150000002,418.6137842,116.2207019,118.0020113,93.86451379999998,214.819984,157.0380276,251.77446360000002,50.1437351,79.6945782,4.1740477,7.1761874,155.0961175,87.96717319999999,59.11042259999999,10.367357199999999,46.9017946,76.45306740000001,73.0539848,869.5456424999999,817.2892767,504.97695719999996,405.3991962,136.1194692,17.8432162,102.71697,171.3632875,192.1350994,128.4984454,347.5198324,30.6648014,430.5211727,12.4805373,4.5398234,120.5499146,127.3469766,35.2051992,94.1084485,97.56086669999999,16.9666219,35.554269399999995,208.37557379999998,137.7698346,56.001522,772.5902787000001,296.5880967,221.50519540000002,116.32232489999998,247.95739,91.1455088,201.50076510000002,79.1312968,56.6091802,187.2312089,27.678021899999997,19.957826,0.0,8.2819481,53.55766719999999,30.9734566
,2541.9509591,576.3897196,801.00476,1664.9500438999999,1597.2199417,181.9261495,282.8904409,277.2098876,532.0434885999999,344.3023038,356.2667888,134.3622077,134.088821,647.2796734000001,1579.2397998000001,193.9460032,280.6957762,512.8644283,236.1066479,264.7643737,164.5435219,137.4685827,191.84266549999998,328.8393115,29.2983157,50.9818576,2.6877201,46.0370004,241.82543559999996,92.5488293,178.45759909999998,52.466195299999995,48.695985500000006,52.5329597,118.1744113,1147.610287,1508.1003237,581.3717919000001,618.9516911000001,170.62021800000002,110.5103961,101.2032815,162.2753418,232.25834679999997,631.4020928,419.75875229999997,256.1555871,615.0945168000001,66.7567165,8.2352862,163.1842618,117.3892087,53.103189199999996,109.91039710000001,167.47844999999998,22.667891,101.6555388,163.83022780000002,121.7476115,365.02136989999997,1123.7926461999998,1398.4414062,232.4542668,275.3025438,273.5325018,98.6288025,156.8089512,60.8159082,33.0319133,283.1701504,227.0839693,39.550647999999995,20.351848699999998,19.619258799999997,202.2624587,6.4939129
,1889.8019227999998,137.9656553,522.2901909,876.9116363,702.019869,94.9636368,165.5889117,273.9516364,210.2113626,381.24339100000003,232.45927930000002,193.7707141,115.80216920000001,424.30054459999997,1477.7949876,109.2610717,122.67922390000001,279.7486773,100.03092410000001,224.7297381,47.9677443,158.58528719999998,117.6741176,187.2713866,21.1914539,9.558270100000001,29.864734499999997,41.0359192,133.9648937,23.3539503,107.868857,24.6925667,33.8164063,119.75713350000001,69.3461823,842.1826042999999,1201.5917734,665.3721976,203.62074239999998,251.28078269999997,203.0288061,109.1507239,134.34956830000002,102.3458243,266.8887075,185.13231779999998,199.68544260000002,567.5689494000001,40.7196907,12.709968200000002,151.7883978,122.2833774,30.2140745,36.983970799999994,132.29321840000003,56.112924199999995,180.9547574,100.2640958,112.1431469,240.12475639999997,666.9460659,488.38855970000003,165.4251827,121.11991210000001,229.581492,21.2492019,118.63869209999999,59.8537283,25.4158994,243.91543140000002,26.2511898,94.3613743,29.268852199999998,100.2181554,47.5118786,7.556907900000001
,1894.5331786000002,138.25502010000002,553.667491,952.4962018,769.1959741000001,72.1680208,168.5864073,368.881869,115.95611919999999,410.9358442,320.733349,54.0030339,171.8785329,446.91367510000003,1521.3912696000002,230.6557321,185.88908229999998,233.1630537,107.5762296,125.3022987,73.0685011,213.8514222,112.38431849999999,174.7795781,77.3698017,63.835645500000005,5.4075324,22.9288591,106.4203497,44.0667879,155.6879979,49.2735967,26.9510501,62.0645882,64.8508126,981.3330089,1332.7046439,547.5723727,716.8277703,178.62133120000001,173.5910957,521.7392113999999,102.2258113,486.69047140000004,765.0624945,407.6734436,175.875777,419.5790973,54.794602100000006,22.1347049,135.6155925,54.7220219,35.7683039,52.5360156,94.7008074,31.2331578,60.338006699999994,65.61571789999999,66.7084702,131.2605089,808.126343,281.4502281,323.15293990000004,197.07308129999998,169.3060444,102.0969544,167.3467284,89.9076513,41.4545647,291.4382573,21.2935041,99.1901597,0.0,18.503116,98.1698873,92.9708851
,2371.8848164,218.90661269999998,578.9967293000001,1614.5777670999998,809.7856606000001,352.7412856,126.08406879999998,142.41314300000002,126.02574870000001,367.4228936,283.9547065,121.7810438,178.1256027,694.9560448000001,2009.3361822,140.2275429,238.578552,282.3500907,93.44748429999999,178.3073274,135.2418368,149.05473460000002,42.2379602,390.4632635,107.2129336,30.3742019,38.0938033,9.2385323,192.3585086,72.8674913,197.4703215,53.1320044,39.396628,98.249042,97.711952,1167.2855173,1130.7483822,818.7330320000001,239.3958777,137.0134659,90.39193970000001,182.5763885,211.4814531,433.87731930000007,405.32353179999996,321.08417579999997,244.0060472,840.9114983999999,41.292870699999995,29.2224894,137.53904590000002,48.002115599999996,7.0769407,66.41624139999999,41.9239126,11.3530278,250.2683738,64.6508582,115.49647250000001,313.2751729,725.6754497000001,465.5605924,414.06202160000004,337.813615,184.92022419999998,12.468004999999998,150.1308703,97.10767879999999,12.1457242,195.1489531,215.3291299,78.5316481,10.120534600000001,72.4415971,146.6976994,135.67605170000002
,1907.6843957999997,132.8529903,448.48345019999994,1006.1956477,382.2327644,444.7328202,118.12634620000001,174.21725120000002,161.68876120000002,372.79181329999994,282.1380396,136.3475388,151.4238107,382.1360116,1535.2347419,70.1836766,99.2685597,121.26920870000001,56.9379279,145.0899719,73.0726682,111.8320383,123.1790403,369.0062099,41.5252148,31.2863758,11.7031498,0.0,165.762657,13.356270299999998,132.2597042,28.052459799999998,34.7659824,86.27605580000001,40.0787214,1475.1273749,1480.7779724,1230.003743,420.42140300000005,146.284917,187.5910194,191.0995876,239.87982939999998,446.3127133,1119.7061224,639.5546159,391.4354425,652.7611743,30.9735648,6.3249604,79.24204069999999,34.7642276,16.0987473,15.998928900000001,33.2023697,1.2907478,208.4855868,81.32142830000001,35.180725699999996,274.39620579999996,837.5310112999999,410.0564877,289.7572488,206.8642991,162.5146502,23.7670991,68.94287220000001,69.0891448,12.325037000000002,572.2256490000001,128.0503558,105.905135,13.432803100000001,78.9020418,181.73074649999998,2.1185027
,1773.5055931000002,215.9036211,571.3723851,1504.4349396,584.0505400999999,282.6674606,184.2468336,198.89999859999998,127.3268398,537.8012936,399.8041669,113.7406239,115.5235656,365.7340449,1197.8625959,144.3673427,124.57831270000001,301.19706229999997,123.1202492,374.18731479999997,54.7996316,156.06098690000002,17.7104435,305.10023980000005,44.011466,26.6342246,103.9440081,11.996168400000002,184.0287464,22.7103551,116.1343851,12.4476823,19.1715184,81.4614441,74.54356010000001,1735.1850486,1730.2203917,837.9866605000001,510.5204529,218.93371879999998,266.6460216,259.44015210000003,174.5585529,366.4639778,944.2961178,295.8458759,192.52894380000004,445.5296665,27.3916956,3.9329671,62.5449571,131.7164697,13.050279,40.5426892,35.4568464,41.6353226,176.67085450000002,116.2982274,67.8639793,492.5449679,940.0811314,260.3512415,429.5396508,273.838828,199.0344154,42.641477300000005,76.2528749,153.6728476,14.0534487,198.64101970000002,41.871494999999996,162.22953,13.8819182,13.1424574,60.283686499999995,4.841078899999999
,2147.8781775,386.95607939999996,659.369027,1236.6307746,1016.0287522,107.76908870000001,176.97737999999998,147.3286983,365.4076057,574.2521617,299.6248676,165.03252770000003,144.65777229999998,477.2901226000001,1984.1950020000002,160.4238913,190.77333839999997,292.2084995,90.2103474,121.1168394,96.4653524,129.99357469999998,79.3280213,179.7253842,33.033796099999996,30.5364176,14.839889,29.7972357,256.5333718,52.380170500000006,281.4816607,53.1933044,52.5777648,131.1430669,59.3629115,1980.5449603000002,1345.3200564,1311.1488923,504.6413615,182.98819379999998,238.43400730000002,291.06567110000003,92.91413299999999,442.8535495,1219.9770548,329.1927741,189.6937359,526.7786557,26.305653399999997,6.4871582,143.5265481,111.4428754,30.411897399999997,80.8940489,77.5347998,29.295889499999998,272.6597474,141.0491606,70.4070282,375.97548750000004,951.8843558000001,555.5507872,341.4222053,383.18952950000005,329.35733839999995,58.2376049,146.5347228,54.104659000000005,22.6537987,152.5127928,38.6984919,69.7005192,22.1018701,26.6238421,134.85696919999998,7.3808663999999995
,1960.1406047,311.5644306,396.24047559999997,1310.1097167,701.2230859,59.034578700000004,352.5723251,329.86149459999996,144.3994483,281.41478060000003,333.3817043,90.0789798,65.6292574,481.5705968,1554.0177877,182.6164503,83.08255249999999,269.8711756,342.7222864,187.5042326,175.54663050000002,104.9999773,75.4888329,207.95960780000001,25.4504163,29.1945378,18.5263776,8.7058725,91.3303727,55.146882399999996,130.6419319,27.157053400000002,27.7620891,107.72454590000001,90.35790069999999,1352.8428158,1156.6597802,567.1657782,209.25800560000002,33.550587099999994,225.3523002,82.4992649,126.6757999,92.077691,515.4592513,250.06193430000002,146.12531510000002,698.8031639,38.5377835,13.4506368,138.07771409999998,70.2672755,19.0889349,38.1366795,23.4835882,20.3051558,88.63198249999999,71.47147120000001,91.30154329999999,250.7366122,729.4035648,411.1788481,193.2363679,275.89105120000005,162.8717475,48.5122369,125.67397700000001,29.573645400000004,10.3622309,129.47418199999998,29.0283869,97.69973879999999,8.0669238,28.5182401,56.7811439,7.7476373999999995
,1964.0431958,217.2801353,670.0939327,1263.0857756,687.0161117,42.636819,128.0950109,342.4487933,248.49247839999998,380.3380601,245.90160579999997,56.5990613,84.2040817,678.9101236,2182.5037945,350.7243964,103.6764465,314.7262538,65.9798775,237.5851696,51.6882155,130.6592617,107.29141050000001,224.91455059999998,57.3738857,73.7378085,29.0148476,34.8164333,253.44350740000002,102.72997219999999,210.405123,25.4751161,24.7061895,129.23988260000002,60.7380079,1131.4737429,1328.4987685,967.7260675999999,301.8716845,186.2288199,166.91735139999997,174.9836147,128.47465449999999,292.4914437,641.0514731999999,363.80965639999994,224.4085536,742.028185,89.0851037,9.9745673,121.8392114,155.62662129999998,12.5577792,120.2704028,16.4986478,9.3428667,116.32748480000001,100.7624488,115.6049933,226.14363580000003,952.9049822000001,465.6368781,69.0298972,137.9662609,267.9908068,55.1938228,129.07399149999998,81.2547672,13.776533599999999,61.4135522,4.9070028,27.714424899999997,3.2713352999999996,13.5504144,19.296236800000003,1.4781551
2002.0,2554.2517467000002,456.58937679999997,1663.0235709999997,3853.3374752,2700.1829479000003,465.6233921,165.23673829999998,438.42721500000005,209.8751406,495.60046270000004,442.4206669,91.0042251,106.5394983,451.0334382,2875.8022934999995,1050.1866366,686.9580649,1114.942442,455.9742582,439.9753561,845.6366152,405.0742695,175.0936678,600.8040749999999,22.685767,180.2009309,74.821266,51.349929,208.811487,64.87578620000001,287.9543182,95.7848527,53.327921200000006,116.9184224,296.0069026,2834.9705592,2584.9784376999996,1768.0214503,223.97932619999997,369.2563656,399.9002405,261.079505,188.68746629999998,362.4096679,337.1815333,621.5253763,249.22346040000002,1050.2151125,66.6202112,16.8503113,251.55184830000002,402.1700896,24.3085986,110.7965449,169.4787599,49.796261,111.9941093,141.2213576,424.7420269,361.1915858,1744.6525243,1376.2063624999998,66.7262249,364.70756910000006,1122.265079,178.85432559999998,288.9644728,182.34353659999996,50.356799800000005,69.0564421,97.23918259999999,10.4411378,13.813588600000001,10.5251223,11.472916600000001,0.2918489
,1269.9080868,490.11290610000003,553.5751918,1646.0584909,802.2313232,109.4478506,92.7301871,175.03296640000002,150.74496190000002,310.4117036,333.2285883,99.228063,67.56203769999999,389.25866269999995,1246.6432877,254.24602399999998,81.91894359999999,448.6709574,101.52924420000001,154.45368380000002,149.9628248,91.7275208,69.374301,142.30409500000002,138.3311526,54.604041699999996,36.5368918,12.4797689,69.7437747,4.1633504,428.5138818,98.07072629999999,23.1149641,91.51380850000001,46.8049125,1206.1451453,834.4247389,622.8524519,234.2716512,101.69505450000001,83.5333706,127.59640329999999,174.8244651,139.501304,425.6263761000001,227.39942260000004,144.6345328,593.3094324,7.724092000000001,19.5182479,170.8417793,159.45262129999998,8.8903926,25.5870188,17.7794059,25.4932708,30.4644495,80.21279619999999,63.1617241,512.0678158,1209.1250826,637.4804581,190.3984239,102.5911267,227.33117879999998,44.9685652,172.9106121,161.58220880000002,28.5802605,115.15392130000001,15.13655,111.3657584,3.3405648,21.2192528,22.579981,5.5307842
,1748.0919694999998,247.64091570000002,534.1080896,1208.7156143000002,993.6042272000001,88.0490119,122.4235445,362.4365756,119.7288566,695.9097615999999,223.2298801,122.294419,156.7928704,413.7338915,1248.247067,147.61397549999998,268.930235,527.6558799,236.5088969,334.4045605,155.6515848,236.9122413,65.4216068,360.9325177,39.3775739,17.0352319,30.841018299999998,10.5497929,190.3567855,23.6883811,210.0875241,35.279755200000004,53.2938049,173.6123425,126.42371650000001,963.4199338,743.2946697,680.8388079,273.4303743,79.6656585,70.5387557,101.9298125,235.4501724,193.6343953,386.6783135,649.0550891,79.3202472,621.8200704,68.6048695,0.0,152.8984805,103.89859379999999,21.2559682,48.5887053,28.7967523,25.912883,27.218580099999997,86.20977210000001,100.52225299999999,57.7209467,718.3652124,450.22449709999995,90.6341327,522.3077837,254.90075790000003,123.51638650000001,188.4153807,140.89852430000002,50.372312300000004,101.48249129999999,24.781308199999998,45.3708881,1.7204484,7.9850886,13.2221458,10.064951
,2092.7055609,265.5445205,774.0768866,2111.3258324,1450.6453442,207.5436685,234.24185160000002,307.73561700000005,130.45963799999998,522.3728807,275.483795,106.04265860000001,155.076562,608.2691431999999,1462.5836895999998,144.0450779,249.16326800000002,526.6904976,156.8863916,248.692435,267.4815361,179.154347,132.47274199999998,344.09222639999996,21.0111542,188.7080002,10.6063304,29.3499204,195.7437244,67.0640335,281.62696680000005,1.3333864,39.0848092,218.9480431,81.3039146,1631.8212508,965.9738759999999,916.8666015,280.8525573,51.7935136,108.6155742,78.0512288,167.96793529999997,137.57319450000003,465.6401254,428.5283105,46.2430475,1036.154915,32.487687,45.8738834,205.47242920000002,160.0509279,34.8723684,111.7866296,70.28653729999999,29.879042699999996,178.3656645,92.76307279999999,112.20248819999999,395.0961834,710.2165587,726.4940248999999,78.43260430000001,441.9419655,260.0427871,84.5459544,108.2945905,132.1226883,15.366183,76.1110233,57.923778,28.6092339,39.459913,46.60044499999999,60.2003689,3.0256111
,1777.9652944000002,201.72061080000003,584.1117867,999.4665578000001,516.464466,106.5109409,146.7858244,271.92459629999996,154.3603652,350.0311264,303.7296385,115.6504664,154.62252089999998,338.9134889,1128.2741956,94.57074370000001,186.1849547,281.88012000000003,83.6059198,493.8711147,61.4210798,183.9865431,133.482798,174.03372170000003,30.5746761,60.8744062,35.0775856,0.0,151.591394,40.386237,95.5711589,76.6100007,40.4484914,98.6751288,68.34198070000001,907.2900177,964.4168584,451.45614009999997,377.24811410000007,163.5733857,80.9876697,252.9535589,61.9320919,322.85319970000006,336.16477130000004,310.61291620000003,112.04743619999999,565.1515552999999,36.8336703,5.9018793,84.82978349999999,151.21519560000002,25.4614647,68.97638090000001,36.9858214,22.4193873,135.7751256,48.3884937,121.9878083,320.0763462,918.5860031,342.63535909999996,253.08858609999996,172.7297508,243.61641179999998,49.89662,109.8263994,67.31465080000001,45.3977074,178.7910054,279.62626559999995,118.5441032,33.2813325,24.1105691,75.65680900000001,20.622261899999998
,1886.2423193000002,158.43801489999998,526.0258158,972.4083215000002,721.7279371,140.5009365,171.35056690000002,209.6954256,215.79908569999998,453.98960580000005,374.0827471,119.11655270000001,197.07710120000002,554.4534873,1285.0661341999999,133.12196110000002,44.0321875,355.1383358,109.39636349999999,179.9268728,142.3117802,160.01314779999998,84.62558870000001,316.4454785,17.663752,54.196218800000004,4.0597606,11.193311999999999,120.0554607,29.2555314,111.02814790000001,12.1611077,24.3105419,74.9862661,73.6436443,903.5756679,1215.3921593999999,575.9688746,148.3568203,22.0552085,59.5965941,140.7142849,113.58216859999999,155.7493647,615.8348884999999,330.6861057,200.33152669999998,538.3076476,34.7401979,8.6863809,71.8233821,77.5165181,13.7277916,40.6403478,52.1465671,3.0725804,73.9929281,210.6617576,81.3111117,362.12326599999994,679.583075,290.12650270000006,309.8817137,475.79115240000004,233.90642519999997,41.9125875,86.3076235,52.452868200000005,21.8361761,116.5443489,52.6543172,239.343008,0.0,16.7763522,59.695183099999994,10.7541784
,2139.5976305,332.3032135,683.0712406,1413.1087802,783.4079132,551.9664507000001,219.2587499,169.977434,300.9967997,454.078366,404.905524,176.89886900000002,174.7397229,501.58938059999997,1786.2668397,102.5428574,146.41505559999996,394.5234535,71.7398683,148.76502929999998,101.3018246,51.4808085,60.6285199,255.3875122,67.2095442,33.3808632,63.4951655,118.75253029999999,171.52874450000002,20.1469715,62.803309500000005,28.8339345,58.640817600000005,122.74153989999999,19.980966,1013.2134359,1496.7012625,1002.1209471,294.43962739999995,108.8507867,71.9322935,149.7756595,196.656125,281.44957559999995,951.2674588,658.6071982000001,347.456411,767.1837811,22.6320861,25.5917306,72.24767170000001,120.48993589999999,42.145796,64.2587288,64.1183565,40.1288249,154.08820490000002,104.00789520000001,97.8791212,724.7677548,848.0848977,487.0239140999999,510.59143040000004,169.8113485,747.376677,21.9407864,92.7661969,29.9651672,16.7699445,502.61640850000003,63.995882200000004,120.5187397,26.7614453,39.495657,185.447294,9.4376285
,1659.3503945,252.9688035,741.569923,1235.6069281999999,960.4165227,446.34054380000003,229.50540860000004,405.7902536,141.81344470000002,379.48370980000004,439.5694491,190.3743006,103.81313,212.9583778,1750.514305,55.04927959999999,104.37148490000001,191.1423186,101.4901244,117.45804229999999,79.7091872,59.61054670000001,77.4015175,599.0501971,27.2238921,40.1664306,16.9234238,23.850102200000002,267.1218034,73.4823545,81.1965164,38.7043358,58.2464086,82.111273,79.58413,1129.3614269999998,954.1600904000001,926.6780183000001,714.3552413,435.3356093,606.6849611,403.69914989999995,366.0325967,337.94663629999997,1047.0544538000001,381.28834820000003,248.0393008,571.8753304,32.000842999999996,4.9297904,61.2952313,78.37803310000001,13.5116832,78.597556,66.2188933,9.336520400000001,146.1080252,75.2061875,60.6961382,209.2126758,616.4860396,474.73728500000004,388.04689490000004,237.8734214,95.61593769999999,12.691711999999999,309.5352232,60.6071851,0.0,217.85567960000003,69.2932088,72.20983580000001,23.077652699999998,42.662292,130.3832936,8.084497500000001
,2033.0203015,158.84534720000002,411.46997389999996,1234.3093889999998,818.9003376000001,496.3484566,152.79103609999999,305.7989993,140.5685,462.6859141,309.7958457,185.31919370000003,112.2015023,565.2317296,1427.5972247999998,92.2353215,308.9392662,289.8154579,75.606833,154.2268364,112.56738179999999,186.09339740000001,27.3495933,363.9997892,53.069559600000005,69.48320439999999,12.9713726,16.987771,333.0503964,47.1623301,96.03261339999999,37.7688166,52.689017699999994,58.41414,67.5934218,1976.0977189999999,1373.0582241,1370.0431546999998,320.36986040000005,139.0950201,440.1223213,163.9147827,183.6982672,318.3565068,900.0500383000001,403.4981153,282.38018769999996,924.2497294,10.3630978,18.306060900000002,109.4981476,112.53777459999999,3.7411268,204.67193020000002,122.214788,24.6295681,296.9457919,159.7043874,19.452238400000002,300.910135,898.1718232,351.21436589999996,302.43491259999996,351.0061242,160.9165112,67.3138776,143.8838635,72.76245460000001,24.549238300000003,195.46597649999998,24.030860299999997,70.7322388,198.3973575,39.481687300000004,114.9916641,19.120005300000003
,2317.6333548,352.1039007,808.8567513999999,1746.780765,1035.3688187,85.9862639,293.6507619,305.28964659999997,250.17720029999998,849.3106921,521.0038661000001,173.37642580000002,184.93996749999997,591.0867685000001,1911.488397,130.1695335,246.2891235,366.5529701,237.8981436,345.20030380000003,99.78630229999999,161.3501623,48.1169422,134.49089030000002,57.5415354,33.9174116,7.752624399999999,59.5980881,296.8392914,66.20571419999999,173.8332597,8.9423396,31.199776099999998,84.5932961,68.192865,1891.9794,1622.1015583000003,1120.2758655999999,289.10776899999996,100.5442799,385.4849832,236.4986625,258.3331165,428.91832680000005,820.8575465,474.7692125,251.0188454,810.7691421000001,89.7300761,0.6673816,190.54723930000003,118.7417365,40.2965115,77.33413239999999,93.1753073,42.836015599999996,303.79507939999996,93.1414821,135.1144394,727.2183293,991.1778002,568.9883831,406.8183863,256.4818335,177.59023489999998,52.975143200000005,94.35874179999999,119.94459959999999,32.4740431,771.776349,28.608152500000003,114.6523867,47.6401868,87.48835869999999,134.9885769,55.7002544
,1717.9496875999998,332.663115,510.5086305,1051.6763311999998,713.6088916,143.4043484,135.30614379999997,218.4489595,209.9332826,302.61835080000003,184.8084895,84.2799029,131.2976584,295.4363987,1469.1181554999998,148.8288975,433.12049260000003,434.3507906,164.4937245,297.0842331,73.5801766,161.5975461,70.14918180000001,225.42800980000004,54.5331339,26.5271241,46.2786375,27.380293,262.9320485,112.5241823,86.5032985,24.4985816,46.0277005,159.0743179,62.1638327,1039.6462641,1808.7166140999998,749.4322299,172.4919314,120.29084809999999,350.9246713,47.868357399999994,259.49682820000004,181.0378856,294.77067939999995,187.79475370000003,28.789483600000004,405.16763269999996,22.3007739,31.7121158,80.0196952,117.91449479999999,16.0389555,58.0773229,93.5193324,20.1606996,258.4952518,219.16104489999998,117.68544829999999,226.1750605,720.2886883,435.0320181,131.9662251,230.76104880000003,275.8270752,62.384220299999996,93.5998593,86.5023338,29.3596373,227.6770282,19.1413728,252.19790690000002,23.7552958,3.7714371,361.6035153,20.1937096
,1932.4292341999999,540.0970632,645.9878774,1594.9434536,1163.6472400999999,52.0681422,203.8336146,335.8366041,215.7219605,496.9839234,329.1017461,156.7190757,91.1471782,444.87502620000004,1906.4353466,299.00876259999995,168.1803635,292.77127579999996,112.757157,309.4273912,151.74641100000002,133.8952644,57.0328825,161.1857238,84.4913999,43.751641500000005,5.9587722,66.6575758,266.22004769999995,94.0625013,191.85851869999996,105.1486919,70.2596092,155.504581,115.51259540000001,1167.9616708,1429.6595963999998,1044.3877493,169.81298360000002,183.8233111,184.5470896,98.8404243,53.623622499999996,190.00565400000002,377.38353660000007,656.8558779,55.3412748,610.0211427,31.6039252,159.9997264,82.21858569999999,140.1818338,39.584440900000004,11.6097549,29.4660846,10.869691800000002,87.20013689999999,101.33134910000001,80.45393320000001,173.9540835,678.6828802000001,345.7008961,180.13557529999997,187.7676183,290.4637819,40.808730600000004,195.20712310000002,250.4676578,17.3459845,121.5687116,4.1345165999999995,15.578398,7.646542800000001,28.0897913,24.569003000000002,0.0
2003.0,2528.2159492,729.8840352999999,1108.2237227000003,3787.8389907,3458.8741514,173.0959829,229.73316420000003,566.8202927,416.4492503,449.8191194,419.0319502,169.8480664,65.5671883,314.178296,2040.8808619,1000.3494081,649.8789904,1192.806202,384.4436227,566.07434,585.3472162,345.9346926,77.4232764,332.4870714,33.3874649,125.5960485,139.3048814,49.876551,318.26551570000004,49.2628165,342.8267726,108.0175574,89.9332031,173.2591414,95.8386482,2839.3710101,3038.3845043,2381.4775621999997,433.18174450000004,291.09482700000007,286.5055074,286.2924986,136.0946722,323.5147527,584.4315891,416.58171890000006,126.25723319999999,1181.8277736,83.6890737,18.0806685,169.86319279999998,450.9968376,163.9485382,58.5145445,208.6262986,88.4371089,173.9130414,283.9289983,438.47332400000005,530.3754152,1614.9556701000001,1336.8909195,103.6654192,425.32788750000003,649.4900997000001,201.2380757,223.5878829,256.1779957,21.0881377,100.5634626,7.2230735,8.888334,7.4343869,7.6708001999999995,24.733968599999997,0.8015968
,1789.5235883999999,371.0461124,472.6550471,1051.6709950999998,848.3110568999999,54.4019868,25.842100300000002,286.3504789,97.9808841,341.30850920000006,239.55428899999998,45.670755400000004,94.3853527,356.0364229,1608.6870251,586.1243167,136.3302724,364.91647570000003,273.9384928,99.7760231,295.1644467,151.5032693,50.577184900000006,75.9875645,91.6295277,25.9610464,32.5491824,22.0631764,83.76887589999998,27.3276828,81.0100185,51.189392,30.1025083,69.492921,43.8707074,962.1212323,953.3441493,1129.4343250000002,118.2887944,30.827439999999996,130.5843749,96.45876690000001,82.0318551,104.9961974,563.0303190000001,227.05117700000002,21.5819925,457.34070289999994,16.436866000000002,3.4879198999999996,200.7697474,163.8082877,78.9129765,38.7938009,23.002737,12.303268599999999,87.807552,104.1564945,120.9241011,210.24796350000003,593.5496711,328.1850127,119.4502858,272.6626427,273.2396375,145.8601133,219.367258,218.9948629,45.3283326,124.4369769,60.12260020000001,52.9646482,10.5137006,9.5444798,14.4941299,0.0
,1879.3911112,285.8656836,876.2998761999999,1653.6147531,1035.4451135,78.5333187,146.4481426,160.7251119,364.6390927,299.823932,291.8490696,24.601674199999998,53.818799999999996,342.2860167,1561.6955417,210.57505089999998,145.4757359,466.09183219999994,171.83069070000002,121.2715167,166.00684979999997,153.51789749999998,76.59171699999999,302.34166,14.2945757,62.312724599999996,42.799895899999996,24.5730484,175.5640856,54.8467926,301.3715313,35.8686738,13.4728595,115.36313150000001,103.73015439999999,1294.6219795999998,877.6490008999999,802.6285625,203.7333801,23.4828687,73.06066670000001,45.23635039999999,38.649406400000004,279.80667189999997,256.19388779999997,336.58653560000005,50.390178399999996,664.9280527999999,12.948424,10.0043361,53.214602500000005,119.2977342,74.284741,66.9705416,40.2503091,34.3227421,35.2519352,263.0475552,130.5205507,230.84838680000001,932.8949393,560.566876,108.43872100000002,177.8938985,282.72318,119.7416452,262.21192699999995,167.1647564,32.8729401,291.7568444,11.2675244,15.9110469,11.2829302,46.783199,11.685844000000001,9.1973521
,1617.2317905,501.3778658,910.666041,1653.053642,1034.5782748,113.19191860000001,323.3379725,371.73650430000004,197.040629,595.0751963,281.6632866,151.81127139999998,151.0333348,329.6493846,1366.3508738,344.8902799,226.8465066,660.1283046,202.0040614,295.47574399999996,168.833759,276.34668,140.3928201,275.44902729999995,68.36947190000001,19.5195288,29.9538199,38.9171401,253.27785609999998,49.7883489,233.1308828,36.8645202,78.5813337,118.4250617,212.8939068,1011.7387828000001,1280.1489071,1320.3267447,188.0358425,152.5207508,356.44843810000003,141.7263271,207.6785897,105.1898153,488.0317938,259.5381691,104.5938078,616.2985067,37.105190300000004,25.267891900000002,206.99624640000002,186.7238808,39.8662991,69.0495055,131.2861277,23.8218154,189.1707004,238.4742533,202.7022941,365.1750984,706.3525368,632.9629062,131.2770528,215.3661305,363.0745274,82.5184163,132.4582696,112.5006708,21.587936499999998,232.0130914,11.451683899999999,4.9578499,42.2982933,50.6408061,105.9344731,12.6792697
,1976.6892749999997,157.9866486,500.93423889999997,981.5970890999998,647.4412241,141.0317662,244.66853,281.44194469999996,292.23591580000004,389.13066829999997,266.6016171,103.77202100000001,33.5809541,541.2390352,1529.8283893999999,90.9249808,189.3553534,254.1687832,161.994575,110.02487149999999,60.1821383,284.47018099999997,102.9619488,160.0099893,170.2650566,55.4635878,4.9765554,93.5899402,210.74881459999997,64.2879266,91.5569775,50.8689201,41.633699,55.7351697,104.57035090000001,931.9772082999999,1794.8501311999999,738.7886176000001,289.8433774,104.3079603,120.820235,117.4604635,123.68376610000001,105.36404519999999,447.7708621,287.1812852,187.08452010000002,698.0303879,41.1969931,10.8471737,118.83711819999999,44.227136200000004,37.1834121,36.8782305,49.0694416,44.0160688,206.5198051,274.6960583,186.0461927,237.1558007,733.6652475000001,392.3685661,150.3147547,222.7810518,432.6677959,62.1605668,150.5217869,150.9121689,107.137654,197.471497,72.6648126,114.42114289999999,19.7611645,63.70310430000001,129.1787786,9.8938454
,1710.5287311,351.2907598,436.93423789999997,1009.5950529,709.4815887999999,117.19196889999999,173.5724203,126.1933823,169.3148214,370.9823366,308.8535098,130.1514953,118.9249168,436.7598317,1816.6237613,190.6253056,170.5653797,266.9504733,155.3854379,265.7412254,81.6118279,173.97397819999998,60.4453006,200.90934049999998,110.00518919999999,12.0498229,43.1672736,35.9879806,153.7621673,48.3789222,130.139538,31.643007400000002,75.733619,75.0965166,64.1175714,1019.8476722,1079.0797963999999,688.8999995,604.6417783999999,101.9088268,69.61777790000001,222.05115510000002,139.4622064,337.11585,912.3578847,335.3294232,51.5895297,638.1040221,41.8460723,3.6506404,62.0470589,137.9258078,11.505991100000001,70.4692366,89.0771649,63.377901900000005,124.76086600000002,68.8432796,71.2888547,280.1865953,898.5929749000001,527.5452229,345.5931805,203.89408509999998,237.11005529999997,82.66356979999999,135.8420299,58.934958,19.983681,178.6515742,10.3926258,55.831102599999994,8.9780117,17.8086295,61.2798969,9.633418200000001
,1959.5482187,323.7128404,494.62060600000007,1149.2057095000002,695.3680076,455.67935850000003,213.1476199,157.4541221,221.3015713,501.90338090000006,288.8476818,115.7124105,137.8052299,458.06453799999997,1609.5667606,130.9950179,179.2935571,326.15984740000005,161.09164149999998,200.2325553,95.77646250000001,99.77159699999999,102.1270284,431.56106900000003,74.009945,45.898048700000004,12.390977,42.491896499999996,151.24809190000002,73.6616549,185.85840290000002,27.6622336,48.54981299999999,165.6548854,26.315297200000003,1222.3509341000001,1565.349706,853.4568189,449.3679062,101.4715102,363.6726137,128.29141529999998,219.91809,481.50764399999997,1234.6303269999999,300.4485499,324.7285791,801.770454,55.408891499999996,108.011894,83.1158554,201.3993421,7.477682,26.9789232,140.580045,15.1749528,182.4691866,119.64590600000001,185.1621045,305.8577175,904.5367196,518.0083388,396.47977520000006,206.66088519999997,191.1406653,34.655543200000004,77.1824806,66.2829499,8.118194500000001,336.3341921,41.3042995,76.54151619999999,16.120204299999997,39.647626100000004,159.7416789,29.5377695
,1536.0506656999999,256.4543905,505.65863809999996,1428.073345,538.2616655999999,489.9954196,109.321449,218.3172147,171.1398329,440.6752627,367.0972495,129.3098286,100.2343086,303.5221573,1418.1526896,103.0304054,99.06705939999999,174.7214904,85.0923737,117.1079453,124.0959141,173.95971039999998,67.9163765,518.4560061,44.1364886,13.1799755,25.4351931,4.1077132,186.38358350000001,47.9159752,249.6967144,29.1989352,60.8017142,97.540256,65.6451267,1236.7795362,1290.3931509,788.3631248,526.9157418,334.0134483,506.15367059999994,134.7943209,89.7294819,359.0581203,869.0913628,570.8717511000001,162.1670405,567.1796329,20.4058982,25.5379783,68.4302332,53.316332200000005,22.4328804,32.051974,35.5442756,37.961584,174.4821102,148.43906869999998,91.98392740000001,508.31651510000006,538.1772546,499.210955,392.521729,171.5215272,174.61597769999997,78.63512109999999,82.7709448,22.7180335,13.2148705,172.8638289,134.1190737,30.294916999999998,6.100578,37.710304199999996,74.78543260000001,8.0247171
,1622.0079976,244.78525620000002,581.8373789,1140.1240705,597.3596038,255.96113720000002,233.65222599999998,255.352717,160.06825750000002,402.5506945,274.4482784,95.389223,103.2921199,468.2735094,1095.917266,93.2631532,85.1561038,310.8618818,107.70299460000001,245.60760680000004,34.6836007,164.6896936,59.4883996,204.8494907,104.2852176,21.3112349,31.6843203,33.4635221,204.4404275,17.920334500000003,94.94675439999999,24.305026,33.2206687,85.5263635,25.4616225,1831.9225838999998,1114.0116475999998,1393.8031317,548.5903314,235.32115689999998,207.7306356,121.3202086,260.7032846,252.0551419,893.1423393,412.0253778,395.01775169999996,694.5709095999999,14.1355467,17.322127000000002,52.88706859999999,62.7365621,18.3732698,41.785244,73.89394379999999,12.8699689,186.9036078,56.6984122,49.5444976,410.8370896,829.5238435,581.5408239999999,592.78183,412.27661809999995,165.7494054,24.323601500000002,61.4672724,66.8002839,12.9482042,412.8664453,72.52432540000001,122.7380569,35.4285413,29.499918800000003,52.72752199999999,13.9473025
,1754.8562467000002,250.63047319999998,685.3524164,1673.8051747,1029.2558277,205.00989270000002,373.90232669999995,223.345939,397.9023394,721.6264443000001,304.1413513,182.23245150000002,145.2245102,449.684818,1431.7955536,252.9787926,274.7594612,235.855159,141.68043939999998,345.8474188,219.42631570000003,146.1315463,140.308798,177.3521886,40.8203636,34.3465625,32.7634043,3.0024417,152.1246817,56.3458726,222.46363689999998,16.6453912,38.0295349,83.2583793,76.7520057,1308.4660456,1260.4934882999999,1187.6568516,434.1327715,190.4294106,215.1321256,211.9180156,638.5606898999999,254.62785639999998,755.6637020000001,418.0104563,135.93176440000002,575.2067837999999,16.5613334,28.265581599999997,220.02938650000002,98.890021,22.7014227,79.55219559999999,104.05829759999999,24.2952625,354.2560808,124.91537290000001,185.4299674,349.4771397,981.7650742000001,439.3473776,343.2593015,727.0555732,250.2982665,69.166622,140.9504185,130.0687081,46.1165911,154.62827370000002,57.3954746,52.8400274,25.6958283,43.300319099999996,104.0032151,71.80567570000001
,1636.9631576,245.0579301,520.6241975,1532.3226823,700.212698,40.4309626,111.0453873,270.57908449999996,92.47624259999999,319.9950172,194.30452810000003,29.569095,32.4564956,549.1910078000001,1721.4704388,277.6986965,188.2829164,315.3086107,82.72661430000001,201.81727859999998,123.747426,151.1311415,149.7321152,148.3374747,49.656443,29.775291,6.3824143,12.0987735,145.6187039,66.28031010000001,192.9464101,21.0544166,34.2802194,119.90748310000001,158.0831888,2121.6177082,903.4546735,964.1911436,184.8162294,169.0610256,275.089663,115.0102128,210.53949089999998,221.0580134,1172.1250866,374.4386263,81.8670179,604.7757153,99.66114270000001,19.1097695,64.0588097,100.21340109999998,12.8777608,44.647492899999996,104.00588459999999,42.1270957,240.642293,121.9521659,162.81868219999998,160.9109209,756.6308386000001,498.3464068999999,217.1914434,268.5631802,230.6423216,51.804291899999996,202.227793,316.216753,18.8068528,142.944003,65.1084912,52.031026000000004,1.6148332,12.3626957,7.109371400000001,2.5661772
,2330.2882720000002,380.5757,566.1748407000001,1341.9553638,1055.9660321000001,203.7036608,105.30151240000002,281.35353810000004,183.9037463,319.17405130000003,188.14692809999997,46.4207612,136.68955839999998,651.4127891,1513.2771287,294.6449377,188.3190113,382.6266947,106.3186987,247.8814241,120.31415980000001,187.9255777,185.1474489,202.8188718,14.980639499999999,74.8534947,11.2845435,62.1003636,168.64562869999997,42.3397967,127.08484299999999,23.4297738,63.084839099999996,67.80284970000001,72.8819809,984.9209005,1340.9176504999998,993.1909689,185.8750011,93.9591455,253.137156,131.27011679999998,256.38648340000003,83.3509655,428.1049061,249.7008434,31.8838102,469.03799250000003,39.050005999999996,6.9390241,33.9611201,154.05204129999998,24.3497319,39.8105523,45.2360649,8.184077,58.655916999999995,165.07346990000002,80.6086321,193.4549887,778.1282402,789.6804021999999,196.6464873,412.7586001,432.03513350000003,58.0857659,124.96200069999999,206.5318708,10.6843338,104.7924175,93.5040561,6.7762988,21.451537599999998,0.0,69.51270910000001,21.714360199999998
2004.0,2815.2233889999998,994.9227235,1612.7989853000001,3860.1220225,2905.9196568999996,405.8224646,211.39477939999998,742.5618252,144.1350733,710.2764733,735.5706205,140.0752599,179.01904330000002,518.5917255999999,2142.5908623,978.3667738999999,450.6977175,1559.9312764000001,675.4481144,581.1013817999999,495.5144536,644.3833172,230.4367391,454.770745,254.8115264,75.5679107,53.6662972,59.4764107,299.50632099999996,63.879225,207.42488109999996,108.01882470000001,65.1940725,104.49381819999999,224.0125798,1888.6679201000002,2628.3412489,1826.112951,541.4621142999999,377.8913132,307.8406837,177.35212280000002,299.0533573,132.2648297,629.9118384,621.0874485999999,281.75809,1519.3464365999998,67.3225135,114.5146159,293.7860827,293.8190801,138.45063249999998,171.9386584,406.8742974,25.227971500000002,146.69828230000002,358.5804982,327.6108686,345.4241811,1692.1490751,1507.6000668,262.5690718,387.3911304,985.8435977,308.52813599999996,419.2142958,352.6708618,58.5821929,144.2355879,2.8857464999999998,29.4302975,9.170960299999999,16.522734,96.5158246,5.5380045
,1517.9538907999997,405.98658850000004,411.73415059999996,1027.1881045999999,1069.05777,49.9718745,149.4068369,151.8216904,94.64230570000001,191.8550467,274.9165577,32.6269673,100.01027649999999,374.34697919999996,1380.4471025,189.834735,128.5993064,326.9014671,263.5437709,247.7513792,67.7301813,131.144528,73.0526586,204.3845092,37.120058,75.7800501,47.9036699,17.0177523,125.1988428,57.301606899999996,118.9873984,38.2708233,36.4361872,95.09621419999999,30.2503489,1031.0784169,1045.1022339,552.1140439000001,190.46657249999998,58.733788600000004,94.1660615,67.705815,150.3753384,204.32661760000002,489.9292379,258.124183,47.068574299999995,574.048703,38.9629493,24.918976200000003,104.52062209999998,165.68595770000002,27.9044775,37.7572959,36.83639,31.163931100000003,106.17778039999999,199.2365678,67.6626408,97.56763289999999,491.9751983,453.3577135,166.5043926,147.92946690000002,553.0717140000002,85.4923275,318.8597789,194.7812097,88.6978661,142.22560059999998,6.232692500000001,15.990500299999999,0.0,2.3242551000000002,13.984439300000002,151.05500130000001
,1814.8535882,189.6296614,462.60534019999994,1114.6358465,1100.4005176,143.28066539999998,78.9386889,232.58990629999997,132.3437397,253.18475479999998,301.0292587,82.44703609999999,41.5763763,433.8106908,1331.7883758,553.6584178,233.0370049,378.9102402,250.9860595,188.16291500000003,211.8925318,173.4729413,269.0353366,210.5066691,17.0366209,113.164412,30.2514818,6.5707773,171.19065369999998,82.0780001,82.40841689999999,68.4681736,49.7909285,84.84845659999999,61.0723416,1234.6934672,1251.8052582000003,652.4754923,140.6635074,142.2933917,12.468440699999999,45.7243189,63.847499899999995,197.524599,373.42631570000003,257.7174579,29.9554208,666.2683142999999,36.8502425,39.736679300000006,99.42475610000001,96.31261640000001,42.6191435,63.5908344,21.56035,13.2164475,84.27061760000001,346.06480280000005,100.22441930000001,133.7934368,910.3548387999999,638.7534157,149.30401100000003,402.3256603,521.3539829,110.8358438,218.7505654,173.7410324,76.06083170000001,211.7092788,9.072788599999999,21.9756844,3.5324724,7.3865453,39.0317161,1.3243562
,2324.2634438,544.7119407,730.3359039,2011.7165015999997,1193.454758,101.79301480000001,210.3089836,400.2241914,227.6214645,645.2351273,476.21767550000004,231.1628743,178.9144298,475.564522,1634.7568411,351.77878649999997,292.8323442,502.4069799,204.8899554,321.7070869,160.6381269,409.2711593,101.7768443,324.0030072,69.3239475,111.8234921,21.5104392,63.6071427,229.3037352,151.8035678,293.4455968,27.6624843,43.0900605,72.61893380000001,134.451439,1075.2438781,1590.2180593,766.0911801999999,435.3015932,58.1557874,145.0378387,296.6089962,146.450527,187.8524042,595.9455029,491.5880459,115.2425393,883.0723098999999,45.5018581,17.9159595,212.712051,267.61237719999997,64.5794975,46.5188608,165.34234859999998,6.7493376000000005,195.28970700000002,142.81427589999998,287.556718,337.5741407,798.9161588000001,841.2171912,193.1629747,149.1817488,447.0907628,144.3573211,234.00076030000002,261.0644462,68.5212813,200.77483080000002,55.1791239,13.944434,3.2152885,62.9207162,37.3990639,3.6311866000000004
,1620.9239314000001,350.66644499999995,562.4525049,958.2027461000001,522.4222377,75.8428559,199.1087948,199.3057414,106.29962040000001,406.22707650000007,300.5812454,164.0741103,117.93727080000001,475.506198,1817.2688106,145.75145579999997,208.1791897,223.9067029,85.6591881,244.2333688,87.8827226,127.8894758,40.9884283,333.2513689,104.3669814,48.9048077,9.892647700000001,16.2775456,192.2043056,132.1378697,139.886081,61.270762000000005,60.3700955,124.1475159,70.5952218,1054.0409865,1094.9682651,754.4001473,164.35144540000002,93.00972329999999,105.28770949999999,99.2983013,169.3927927,332.7538409,562.8601821,275.6893078,185.50571739999998,632.2775902999999,67.05743559999999,40.5752242,155.4642815,93.42667370000001,43.4201862,31.657066199999996,96.0814417,76.8558964,150.46248369999998,108.80265349999999,81.5676189,183.2441915,1012.3155571000001,436.59142819999994,174.12437169999998,221.5932477,280.1393294,36.4996289,135.20999039999998,64.6101503,16.9930356,219.39189,23.6908034,133.3767246,7.865607300000001,24.3732532,30.2906202,2.5874113
,1761.2633090000002,174.0378016,435.96137350000004,1045.8759166999998,499.969894,97.3047075,150.70136499999998,236.2810039,229.4746397,214.4847164,422.8440378,41.6739685,118.65408939999999,384.49167079999995,1414.7092077,199.24530539999998,80.1454945,301.282434,105.6783736,177.41844780000002,96.3403498,133.7966768,36.0904361,125.2459327,11.1330941,81.9589179,5.5562846,4.832774,190.7075731,64.8035529,534.8192553,5.516509,30.9105784,90.2882821,56.8867052,1026.9934682,1149.4481994,827.3802112,132.2739797,146.2208512,93.62786940000001,84.1056975,124.60510339999999,276.337381,850.4967445,333.60158160000003,235.7825765,418.5763602,17.3926802,14.3265642,66.4033569,79.395957,15.752146,22.5867795,95.14647129999999,17.5539485,142.0682065,100.9054897,53.388837099999996,173.2396326,901.7310008000001,356.3336435,241.0069784,100.8608323,319.19452590000003,51.8944198,82.77573810000001,92.28857479999999,16.2099568,270.7559499,64.1742641,34.1681819,11.1762757,29.3886007,106.9625044,18.276795699999997
,1816.1621775,294.2406628,605.7738154,1491.7068484000004,658.5111107,394.7535045,172.75933250000003,203.504627,247.2973274,443.700751,520.3637437,125.554688,103.68050199999999,420.34866079999995,1474.8733024,130.34522040000002,166.62942829999997,167.0434461,89.87758020000001,183.9897071,67.4809396,136.4936523,104.2672256,334.9938874,31.0347608,75.4008044,44.681559199999995,22.149307999999998,202.6903404,36.0936251,241.66063709999997,20.3380124,129.2294386,130.1381916,87.2315136,1491.4107566,1398.9935762,1241.5382957000002,449.3778684,227.72546670000003,171.7783716,1221.6232741000001,101.3139797,451.19355770000004,934.8857038,332.2867139,57.0937272,802.5937833,62.9658299,43.1977971,115.0096776,82.1971229,62.077897,110.15766919999999,53.9610066,14.0863704,164.04541030000001,53.7436128,182.7458181,245.1209791,1118.0523812000001,554.6181467,877.7547197,275.38699210000004,174.1720027,12.9718536,101.00964409999999,59.6549573,8.8586378,467.3309797,176.2980751,155.20256890000002,23.7181296,124.65741089999999,170.52703259999998,37.3260494
,1574.2345809,230.533217,532.6999201,1068.1846353,668.1558315,606.597832,204.5283377,134.64999419999998,86.3949522,277.8933907,323.55337480000003,125.5598847,48.096035799999996,367.3098712,1435.627061,293.8332198999999,157.5909696,225.3802232,87.44351590000001,233.6964878,52.625466599999996,121.02791069999999,68.94952280000001,357.27657730000004,62.748150100000004,0.0,36.8627537,28.359856,151.34204450000001,60.8755436,55.43160520000001,18.4432082,11.3750833,82.79958529999999,57.479867999999996,1640.339307,1137.5007195,1345.5386066000003,600.1248416,130.5624259,245.82258689999998,276.4640447,297.2555014,414.4311634,868.0145233000001,468.63523159999994,217.3692911,616.1362969,28.3839592,25.7501437,47.0190508,49.2786117,0.9679761,3.3442186,67.4567228,38.698400899999996,98.0518457,100.3169402,94.1669417,625.3919684000001,773.9441525000001,408.39960709999997,443.3909758,193.02348439999997,205.5923023,35.1011597,95.1689968,28.188626,5.0882632999999995,353.9340553,143.8477351,135.28170469999998,7.8762316000000006,35.9022279,200.97201990000002,16.4430471
,1605.4443055000002,269.6550514,448.48218210000005,1229.8593049,618.315407,333.1201743,135.78665719999998,258.2074875,218.8129308,459.76501169999995,430.58655839999994,373.2624411,61.1644902,350.1492899,1256.6106204999999,168.6633719,142.3309687,199.1184892,87.6548959,197.794925,106.81467160000001,115.51638640000002,46.383526,390.6272054,88.9080763,2.1430158,11.9078458,27.8421024,102.5083069,46.506534599999995,182.58018220000002,33.9461847,42.3543492,84.6703728,80.5976455,1707.2234922,1376.6549347999999,1204.4685069000002,555.6656004,247.7878973,245.44164659999998,144.9681041,236.01038250000002,508.828439,1090.4807809000001,448.5034395,142.7866773,646.8111813,46.2469359,57.49795949999999,75.7314224,104.5781542,13.4443086,16.4567881,83.53910009999998,39.029765499999996,224.3623024,44.907760800000005,70.6253475,347.9182109,797.8840243999999,433.053237,632.9770333000001,243.2459673,122.0758644,29.916560899999997,133.2076763,61.163101499999996,23.941592,192.2866108,41.4050405,22.896869499999998,15.768151,37.812892000000005,157.3627078,10.6694283
,2041.5296563,203.3059095,528.9096285,1881.8875380999998,1036.1985807,428.78463899999997,143.7579739,242.9301173,320.5741835,716.2474647,395.85396850000006,212.3813701,86.1310091,532.9430006,1344.3149455999999,133.5278561,94.60398480000002,347.9494789,158.45251789999998,193.86284410000002,157.9921713,160.16943940000002,37.5567376,229.6133066,69.0726385,54.63812849999999,24.876068,24.0845931,193.5307047,41.9585839,144.69457559999998,25.7095902,16.502565699999998,69.9383974,75.0283441,1836.7154707999998,1246.8901177999999,1287.4695445,649.8609094,159.0067579,243.66663,290.3563832,69.2435143,460.1084361,802.2653376,439.7903404,119.06920190000001,592.1226796,75.4354222,16.362617,122.0077479,121.8500435,33.8790959,76.6156725,102.54833640000001,49.1199466,210.99994779999997,131.42952110000002,153.34583719999998,360.7138746,1036.8901526,608.1827872,328.06368799999996,352.61647700000003,308.20297860000005,43.3690501,204.59809320000002,64.5027384,37.5272643,168.64685140000003,41.966260999999996,14.926207300000002,1.2872133,23.6915579,87.4653,1.2169412
,1625.7608464999998,192.4057563,507.6553855,1349.7510208,515.7542318,200.93044070000002,244.5678551,336.0522385,130.6124057,267.2811584,253.1723223,57.2869311,145.5676027,287.97421330000003,1556.988821,198.2299598,169.0833171,201.13875320000002,116.860011,206.8630513,218.56178479999997,159.142054,151.58844240000002,305.5935254,27.4542987,51.2149868,37.8131451,21.640157000000002,184.4704391,72.2549297,170.9270941,78.9181792,41.5502937,139.9609692,50.378099999999996,1523.6149432999998,1550.202072,967.7355894,208.7017866,51.6492328,151.0638238,168.90772359999997,98.9175248,156.4552856,283.31591419999995,150.3140103,146.38164469999998,866.9138135999999,21.0076018,8.4441882,91.2048486,79.1462686,26.2785023,61.8315588,106.3507924,42.9795958,67.28095139999999,74.5974206,104.8873051,178.75725670000003,824.5002459,395.7514980000001,157.0642242,182.4659148,343.3845936,65.4254811,161.97133699999998,97.35066090000001,45.940497,87.93333620000001,7.0867882,18.6337544,2.1125888,12.6018478,16.2421959,5.529776
,1679.950865,441.8073524,403.68043450000005,1148.4529737000003,726.5883603,161.9148232,150.6190647,211.0053228,235.5808716,450.1900125,262.3530002,897.2339311,62.21434659999999,470.8113642,1273.8429623,292.871758,136.5739888,415.7142159,124.27977159999999,226.55828040000003,192.40411269999998,159.2796695,204.981708,161.6878307,47.2148213,29.3489497,56.120876100000004,8.4016895,166.762316,16.0292605,106.4889213,34.954585,32.970158,105.07343080000001,86.8905441,1182.1712390000002,1147.1125608,796.0489454,210.47370899999999,79.34368400000001,94.7198884,165.09527129999998,89.4493193,208.6928105,381.91970599999996,516.9746589,61.5589876,781.6537128,39.362232999999996,16.3262754,130.2717183,79.8730777,12.5683181,52.306354999999996,64.6089175,17.6964277,95.5203709,117.1680755,60.5544959,194.6857633,818.1007244,1247.3720216999998,245.0814962,172.4959148,325.5006013,53.00483960000001,165.14571360000002,188.8823975,22.5481822,459.49845819999996,27.3519918,10.0023135,14.6012252,6.2700749,22.866768299999997,2.6694519999999997
2005.0,2508.7509601999996,828.8113671,1232.7907791,3358.4324541,3170.2802322000007,185.72230159999998,169.1709394,570.8099618,242.38681789999998,800.1436671,524.3593128,66.2646902,190.940005,815.7707413999999,2883.4733775000004,1036.5915996,713.1936948,1321.7625199,582.3267398,777.4722981,703.0996213000001,439.2178659,65.4864419,603.1779905000001,60.8558441,110.6301258,86.9388401,5.2244153,267.7725066,60.718266799999995,188.9597666,55.2808977,44.0817624,118.6698997,109.1875172,2433.6173750000003,2552.6515247,2329.2868874,411.9768433,84.2239433,468.8606381999999,239.51237690000002,312.12418790000004,284.91108059999993,608.8444808,378.5640501,134.8140646,1219.0519308,30.855410700000004,52.268997299999995,302.8344459,395.1215555,63.38748100000001,76.369445,134.123149,27.3185487,108.08495090000001,169.4060127,374.7445583,420.13403389999996,1358.2083889,1393.8320420999999,131.5237667,230.7629336,807.4015172000001,299.8112185,278.09579720000005,277.4408779,88.6207623,212.8396301,22.9594457,33.1995884,15.373112599999999,18.0807812,65.9939718,5.9273625
,1805.0196703,211.3384931,717.2189769,984.8742044,821.4445518,283.72599679999996,97.3535089,157.73639,109.0440588,334.51572189999996,162.34736329999998,64.4036235,153.13644910000002,296.5752261,1100.8351235999999,190.026792,173.20583749999997,408.9471502,84.42653440000001,259.30192980000004,189.14403480000001,170.42827239999997,55.6193114,169.6697185,62.5735657,33.7977204,7.892772,70.07915129999999,52.76239029999999,32.820270799999996,86.4470884,51.8710152,76.2740931,47.8603638,44.7408554,971.8199114,888.2933529000001,739.9557291,333.8706024,154.2448994,56.6293443,74.5342034,72.0872641,191.198226,459.92238629999997,241.58449849999997,79.05799619999999,563.9451255,15.960573400000001,9.8197856,165.09904369999998,83.87287819999999,59.800095,29.7252197,43.970634000000004,18.626211599999998,175.87487819999998,62.6339473,100.9545813,94.6835361,682.0616239999999,417.3375768,237.9674441,113.2700363,435.1373231,92.1327838,112.1944471,172.13825770000003,64.6169724,117.2183417,0.0,14.5076584,30.5308302,11.8184444,5.8930232,0.4505674
,1588.1867822,215.60227049999997,559.7274953,1625.5585182,1082.159659,174.4512447,389.1480633,456.18212919999996,441.4832421,442.7708267,804.624139,58.5182523,113.77831460000002,431.28206020000005,1453.2311,320.90282190000005,262.6999193,583.9389325999999,206.7306383,249.3916542,120.4287413,220.32421689999998,83.4214697,311.5682729,172.8473466,56.08399709999999,47.660255799999995,12.131372800000001,142.65321469999998,123.8435769,250.8526132,44.764928399999995,54.7557302,126.6375261,87.3146482,1215.2479365999998,1257.3433874,1080.4535191,228.7804786,236.2631001,104.2061269,34.347329,106.563366,81.8561445,285.9606772000001,338.9106586,48.8373677,730.2121065,13.494411099999999,16.269806799999998,182.33716700000002,122.711522,19.8803019,102.93092099999998,109.8743055,21.221096199999998,106.1699565,104.8154912,137.1787833,200.2233472,748.8141016999999,671.2682906000001,201.21083370000002,261.1655245,450.5384701,79.5126474,276.4057073,154.51389480000003,54.6946715,82.78947070000001,30.0073851,25.579779099999996,17.7660996,5.8108008,22.1830869,7.6735216
,1476.1238021,235.268509,715.6964539,1490.6292389999999,875.5180599999999,257.6305825,454.7119896,248.59554260000002,169.7179319,458.8644919000001,288.9103808,129.0055857,186.61198320000003,449.9241114,1521.5928924000002,142.21317709999997,149.68227330000002,289.05390090000003,127.0396835,310.7576940999999,138.4267238,177.80108339999998,108.6163543,240.47945869999998,75.01091890000001,37.4023233,50.9362756,22.8521575,166.5770956,317.5074504,140.18873680000002,20.4402373,42.175818400000004,38.218718100000004,165.2701099,1450.0683533,1238.4178981,772.1701943,386.5651312,147.9463891,173.028218,62.1181451,127.8935095,164.5059951,395.8041429,365.96187460000004,98.5292848,573.6860054,23.0874877,27.176789799999998,78.1646539,149.5968116,45.2219728,97.7188439,77.74964290000001,7.5173991000000004,167.89710200000002,121.4659693,102.49673290000001,353.29639069999996,1334.0715011999998,645.8846923,258.6804641,184.94739470000002,246.86109729999998,66.99498469999999,140.60160589999998,146.5120782,46.6123424,148.0116768,63.417569199999996,43.4328741,2.6640135,45.0619193,33.683635,5.8353133
,1627.8280563,157.61851350000003,555.507872,919.797564,515.453663,106.53214589999999,225.1350989,337.0465657,198.02308829999998,369.0852816,367.9844203,90.5498505,136.0795993,301.6162484,1280.55383,205.1992884,127.0256129,228.1749446,116.5594279,102.9735931,104.84512099999999,142.7718679,96.6520954,236.4087911,67.7267291,19.1453414,38.4814895,0.6568301,92.1826107,72.25571359999999,109.10048509999999,46.3127766,51.500273899999996,32.870002,60.921954400000004,849.9173031,1245.4387531,717.6345183999999,408.3096051,100.2870833,108.478591,128.0624057,113.16511249999999,344.65684280000005,688.5228923,191.1737937,271.2490455,482.23392049999995,31.6960295,6.4718643,61.069574200000005,85.6717617,23.6451047,61.1674919,68.3149955,50.9357291,101.1271238,66.23070870000001,87.36228799999999,135.9159028,780.9281202000001,325.2912809,170.67189299999998,318.56100189999995,293.8277026,43.8430174,123.80187369999999,109.5405176,13.614110700000001,265.5855892,39.3501313,103.2339035,7.6788539,50.3277941,146.15101900000002,2.2352696
,1382.0263109,191.4494677,441.26126209999995,1017.3205707999998,453.15593090000004,93.09657059999999,173.18506979999998,187.32654940000003,194.0285698,335.51884309999997,302.3306152,50.1718417,96.01081359999999,408.6298608,1067.5432706,136.33945310000001,130.44858469999997,178.26229020000002,134.33458589999998,120.7304267,117.84814180000001,191.7832531,103.023009,201.37061420000003,52.9852089,40.0585461,12.9074694,33.1892844,202.67722320000001,37.8178297,74.0576044,39.3299519,16.4481754,78.6615628,35.0920694,966.5182692999999,1076.5832829,779.3676942000001,218.8739924,125.7336254,227.29927289999998,96.8607593,305.6225042,168.16659239999998,593.6692968,328.48288979999995,79.89004109999999,358.5500489,19.9635267,17.0436041,184.74268070000002,97.3661913,21.2029036,24.3538333,55.2036034,27.5416781,185.906851,153.895803,85.6411155,525.6996889000001,819.6020199,394.20960260000004,357.4197423,203.16344660000001,209.75255120000003,29.559677,128.6882253,51.1750939,5.0842158,286.86447979999997,58.8109527,112.3425793,3.6925329000000002,32.0280714,62.8631176,10.9115808
,1862.9615623999998,131.18883979999998,656.8370412999999,1137.2779960999999,565.0468168,499.61430110000003,93.22261499999999,337.97209509999993,171.5979431,436.6830804,284.65767370000003,227.3122018,124.2987724,524.2532884,1688.4134110999998,103.89523530000001,67.745504,261.7203455,114.38148559999999,152.681097,91.9905161,137.16493060000002,72.0660556,379.19353279999996,19.6643696,63.2014388,2.5844208,6.5497435,77.84848550000001,64.7776994,130.7016955,24.580928,73.2821468,58.4314526,39.077947300000005,1225.0200618000001,1081.9855637,1283.8349417999998,343.2875373,225.8500921,296.1644561,152.09635100000003,134.2430221,336.9566375,780.9254047,176.1233097,256.5069253,511.3955386,51.0375697,30.0470421,121.44789790000002,111.8658784,20.478077,24.1245082,48.050132500000004,55.8630212,209.8240313,70.8896957,54.8471896,369.85258150000004,836.0706763,358.7097415,449.74550339999996,218.1980807,221.9934163,32.5398376,126.3028823,244.671257,13.172635099999999,557.2421919000001,102.1810236,124.14518709999999,5.606584099999999,120.6450601,156.1861911,33.0665549
,1615.3650519,269.3994811,502.1566068,1168.3097066,571.3843419000001,291.20662360000006,94.4598923,83.5191299,181.920961,339.18287569999995,348.343235,78.12438569999999,110.55587790000001,406.38197279999997,1105.1408010999999,84.2445507,77.9884672,196.6593242,117.9792654,154.1668857,16.5482691,64.2995442,52.2398475,412.98848069999997,41.5531748,23.586372,9.3135341,11.9822442,145.7493256,29.9839467,133.4682166,8.2776331,13.597431,89.6386332,50.2363416,1309.7838914000001,970.2861407,792.1156367,261.6041252,66.8654375,205.2995514,363.21054349999997,112.90421620000001,253.0814943,1036.0450844,396.5117517,196.6288981,543.1728528,13.6102341,7.0210481,82.4852003,65.7157979,55.478683,95.2004713,64.31865,8.9272463,195.5873172,60.364673599999996,35.4868489,409.1980884,740.3740842999999,350.7955852,449.8436449,128.15630420000002,139.3676965,27.119911899999998,69.8485465,45.378949000000006,12.2829424,589.1861776000001,32.014736,60.9620517,9.7911548,36.2017325,174.474127,19.782153
,1597.5890215000002,178.3793751,458.6625642,1080.6565771,589.2898216,364.9566319,104.76721130000001,190.69670329999997,197.91607930000004,416.7885912,309.46732039999995,151.54003469999998,126.4185123,506.0706144,1570.6753908000003,98.58769819999999,147.202571,170.67766989999998,114.506792,157.9696366,124.6190697,130.89679569999998,35.5980816,572.9948133,33.66757870000001,24.018877,14.9887356,15.384533600000001,194.73155860000003,37.6345101,86.9581534,18.3437175,23.842940900000002,54.5899786,55.9993146,2168.9937425,1504.0937531,940.0401476000001,639.5581778,277.85430690000004,323.00203519999997,176.9623265,372.1629978,305.4823717,703.3756903000001,272.09150320000003,128.3904383,544.8600533,38.073567499999996,6.483969699999999,82.64923,74.612279,7.5847193,16.8246727,102.17036590000001,11.4089051,128.1469342,124.7055935,50.8574193,291.4302725,1208.2030714999999,398.637751,400.5427164,266.8574195,240.54985929999998,50.4131123,100.95712019999999,43.9132594,24.0091038,316.5482783,34.7659796,50.5512765,18.9023317,33.3325153,164.23996989999998,22.8841719
,1631.0143721,285.17608240000004,688.1542456,1101.7094633000002,755.9323201,138.3897821,159.9291264,156.39272810000003,145.742871,358.4669222,311.96852229999996,52.84390340000001,92.82630110000001,637.7876814000001,1473.8958598,63.7030328,184.028597,176.8881779,70.7825285,148.6934909,128.14088379999998,100.65248399999999,94.211055,274.5255998,223.657709,96.9589155,8.780651,28.818438200000003,113.94981340000001,17.5415598,198.8175495,43.0311175,18.5551762,110.29753430000001,66.32304049999999,1263.9054922999999,1386.4664744,1013.6130997,398.53749170000003,190.22869500000002,110.5939822,159.1598155,269.1380914,288.88628919999996,758.0971706,338.0953134,104.8512164,401.22541040000004,41.0199745,84.48047530000001,129.897348,202.2774564,10.2746615,54.7979287,72.63325999999999,17.4099716,264.57438670000005,168.1107103,102.3615603,191.9199026,858.3386250000001,498.2138254,299.4694898,201.120224,202.36383780000003,54.1076643,84.1888094,24.2599383,5.853159,167.1878001,64.4305446,30.265483299999996,5.12941,30.2143365,84.4240559,5.510878
,1759.7473111,277.87381799999997,442.18289,1036.8968986,681.2542877000001,69.3311866,190.8976637,165.9014296,90.85253690000002,392.7261798,439.55056790000003,89.83183100000001,98.7624812,320.2225224,1366.2047862,165.7026973,105.8890869,228.1099399,117.56738,133.9840029,229.2609239,131.1752679,132.5321825,255.7021466,81.34982199999999,72.457082,71.6215088,2.7487222,78.72543230000001,72.120136,144.3946335,56.8901608,16.9481112,44.918352,81.3844886,1220.3812115,1113.8589085,1088.5348579,156.20877049999999,45.1169354,214.66567460000002,269.3101094,269.5910024,262.64697340000004,604.6765244,151.3334709,186.5145968,681.1623227,31.9476188,7.2777126,145.8792306,101.10437309999999,0.0,29.1602846,42.1772785,31.547931600000002,100.97752270000001,62.9725361,66.3745729,171.7268593,1058.3629918,435.13215590000004,405.53376320000007,245.78092270000002,372.4241384,68.10880890000001,128.9310286,47.697142,18.9102778,122.2694912,16.7264381,13.1574592,4.7651303,16.4268935,65.6527743,0.2014299
,1851.7774290999998,274.32646739999996,659.0940906999998,1175.2355647000002,902.8004074,162.9366445,117.73958649999999,205.79418189999998,141.6411209,490.4671235,214.5184919,67.2042529,120.98781,275.4803152,1536.4003321,258.0002953,186.92965869999998,373.509492,82.6908456,246.3767496,172.3520818,190.34459420000002,147.61253829999998,188.35895920000002,59.8025745,43.8797275,5.0695165,115.1028973,168.8322463,21.4312157,93.1782615,46.1591651,24.7726565,84.93153980000001,97.5102673,1145.0511867,850.2792135000001,1095.2686339000002,327.3136176,49.9359877,290.8432845,274.1216556,1021.710682,178.60644680000001,299.14590880000003,290.3754662,231.81729890000003,612.8915902,21.6301367,20.8428811,84.3211419,126.04345450000001,35.7618701,47.350139299999995,73.3684795,59.8290606,89.67630569999999,99.43146080000001,117.3573864,174.07275319999997,802.2912163,740.7994286999999,194.7880854,137.2175933,244.1978096,69.6951005,158.1858537,88.4808159,35.54523280000001,65.3857628,16.2348226,20.540350099999998,5.9169823,9.6130129,19.8528288,0.0
2006.0,3261.499555,1136.165989,1673.627931,3372.8545719999997,3373.928695,292.600035,217.101828,447.08408599999996,308.06212200000004,779.719499,525.995787,91.441723,181.52164699999997,558.448486,2898.4170950000002,986.991424,899.999852,1375.796334,289.733947,454.56974399999996,745.175213,371.63091299999996,144.16476600000001,543.758049,89.41087399999999,145.96414000000001,42.669838,78.900484,325.325274,98.864999,216.359486,55.987374,51.949233,81.692499,118.82462699999999,2924.4013639999994,2660.6271739999997,1934.8219709999998,484.781383,227.33819599999998,335.026854,287.461515,202.054055,242.762711,717.236582,522.101724,115.77811700000001,1017.8253129999999,93.269365,43.892952,361.36789699999997,574.5263070000001,101.811915,110.77502899999999,141.508583,132.21179,103.52924799999998,305.40071800000004,323.15895200000006,288.306851,1539.735101,1098.509679,111.744017,180.88203899999996,736.165921,259.416154,269.328119,240.828241,32.935413,131.890711,68.022775,50.051338,13.976414000000002,8.181505,56.999618000000005,8.579884999999999
,1548.8656909999997,317.75332899999995,482.302778,1011.4416650000001,846.266757,73.672382,176.56242400000002,168.718534,85.65987799999999,279.729262,312.41397,62.621401999999996,98.511697,280.75521499999996,1231.780221,192.40054099999998,182.33949600000003,417.648298,218.602182,254.62349,251.342775,107.641679,49.50392299999999,214.589741,37.603691,51.779137999999996,7.995979,32.039197,157.110659,33.757130000000004,128.57945999999998,13.400035,46.011928999999995,77.83035299999999,32.853965,931.9368339999999,1012.6059169999999,667.628534,182.984249,75.725888,105.28845899999999,93.10048599999999,198.00343700000002,192.082582,344.96573,191.274621,33.455288,395.57887900000003,13.774493,6.312623,147.92530699999998,122.34399099999999,9.573086,15.768894000000001,43.720833,35.073453,28.789830000000002,93.42510899999999,81.45085800000001,185.68756399999998,689.042121,484.968903,108.989247,168.019816,293.14734599999997,98.766404,302.61250900000005,221.83003300000001,19.232625,117.20715100000001,7.913126,9.260499,23.309134,2.747582,313.19502400000005,0.583976
,1991.724692,239.70664800000003,503.856402,878.6876619999999,839.3212699999999,106.26713899999999,137.066054,255.08745199999998,120.686839,329.656582,175.941125,37.254474,73.584847,418.400176,1552.4725,216.42644900000002,171.553798,404.508166,160.58096100000003,281.535114,163.808623,188.84600999999998,136.693037,215.912645,53.616227,97.184679,55.829463000000004,19.87216,156.141189,23.509179,153.301439,28.317949,70.559093,78.099788,59.070533000000005,744.729929,873.1687710000001,452.917849,229.669121,40.561899000000004,137.065717,156.436971,456.483022,235.894531,268.851205,227.029557,114.25453300000001,692.054523,51.3042,23.284397,76.902803,101.72030299999999,61.931771,48.838061,19.806734,37.839354,87.18455700000001,135.75066299999997,116.24754899999999,87.85484799999999,659.370315,511.646562,540.407256,305.757161,491.72285899999997,61.165971000000006,146.00571499999998,136.504862,117.682743,98.34758699999999,35.198109,42.261222,0.0,4.502023,25.966621,8.668101
,2094.606862,447.422239,852.194139,1660.027482,1250.589471,136.145601,173.308562,359.101391,275.626827,409.263646,410.47392,82.548938,153.49040399999998,566.469003,1660.9764149999999,276.198054,280.207389,453.77131799999995,150.12411699999998,295.016645,118.05264100000001,203.276848,138.814857,389.08976600000005,83.198183,17.897719,29.343286,29.313832,227.713717,72.202392,141.741029,45.856375,47.972098,99.88971,107.399183,1118.417494,1567.2451499999997,845.293019,243.06942299999997,174.093147,238.186472,157.689738,103.277699,229.667018,512.0300520000001,461.81192899999996,174.14956500000002,844.804021,77.117297,10.856117,181.29494599999998,146.363776,32.984237,51.748647,120.044814,34.331770000000006,166.84413700000002,141.52250899999999,205.06024,305.052737,1053.056855,856.6332349999999,305.16037800000004,302.631299,761.8391150000001,124.74289,235.655859,155.885206,51.781803999999994,163.93646999999999,24.69548,46.444597,2.669371,51.601023000000005,29.889248000000002,10.87013
,1615.27275,146.339315,379.533486,1399.400084,530.403724,37.620369000000004,121.54554300000001,169.69657999999998,110.561533,334.41937,276.759319,108.806529,105.990079,630.584552,2042.315825,115.03004399999999,101.478344,186.248736,88.03498,291.681121,29.926771,122.51083299999999,133.99239,198.944804,62.900231000000005,44.715694000000006,14.138433,25.007506000000003,128.398137,87.69856300000001,109.514321,23.011398,75.721686,58.520345,75.54654400000001,1153.3598200000001,1205.9342770000003,610.784246,236.71105900000003,136.321082,91.667562,225.531745,189.81923899999998,344.96138099999996,614.363922,368.02766,151.449655,691.7683959999999,8.660804,19.956375,93.993713,70.310253,16.525547,95.19512900000001,72.015345,24.837597,170.33222999999998,47.66720900000001,126.141952,244.234293,701.98007,364.523238,343.95899399999996,210.069463,399.15174300000007,60.068154,159.11446,129.130439,50.060903999999994,138.731377,47.325791,23.087462,9.294475,18.322428,40.435863,3.9739329999999997
,1945.022132,305.904831,628.227685,1239.042462,557.155726,145.906581,149.834547,254.129008,183.954927,267.197366,402.767371,72.730185,144.70007099999998,429.0519029999999,1566.753032,117.98621700000001,141.836718,258.534554,134.816813,217.41499199999998,109.101934,188.52199000000002,170.42939,230.433371,83.15901,28.308639999999997,19.103134,25.781043,225.345037,48.753576,121.63805099999999,49.489725,51.394992,88.292861,58.548581999999996,1030.804239,990.971877,601.4298180000001,369.61835099999996,135.408334,402.192374,159.630537,165.856233,260.110644,790.7180989999999,246.388033,123.892517,603.472253,27.038423,26.775997,85.15044900000001,109.478463,5.679603,49.896394,64.6647,26.378757999999998,196.521388,98.083172,83.124113,223.755733,821.268932,413.85327499999994,402.586291,238.096454,305.59076799999997,62.30346599999999,115.14197900000002,55.12445,19.324504,198.98136,256.957468,41.283365,6.672334,52.853713,140.15518799999998,5.016406
,1630.030148,285.115412,648.757989,1287.177953,717.733799,480.877652,113.555518,182.978803,149.219985,391.16761700000006,388.893025,211.21630699999997,140.14326100000002,523.7474080000001,1492.561916,134.937401,115.65115399999999,167.142324,140.71978,219.441232,59.752578,283.997413,67.511122,467.398061,54.701907000000006,18.278083,5.769210000000001,7.8303069999999995,129.548338,46.346995,145.47462000000002,28.260793999999997,31.672133,54.915899,20.026591,1117.9132769999999,1288.240535,617.299681,332.083251,253.634919,224.728763,368.32723300000004,250.107417,378.62126600000005,1142.029728,422.42977600000006,136.945571,481.73506199999997,26.153006,17.738970000000002,46.530348,133.898849,23.324695,23.820372999999996,111.80425,34.74911,150.160744,66.490384,75.69177,352.853488,827.029348,384.319925,533.027188,213.716012,298.355878,28.516718,185.133994,34.676166,2.636718,615.723537,101.288741,49.275737,12.847596,23.246034,125.48395500000001,3.453596
,1593.088038,248.38991299999998,390.05931499999997,1363.360863,464.650913,324.564505,174.709472,212.349375,95.314998,308.856757,411.07561,84.634642,83.93753699999999,395.46580299999994,1364.1981739999999,36.657111,99.333482,189.462733,196.330041,68.419696,35.887436,155.57215200000002,82.31487100000001,372.940824,70.112841,13.193428999999998,8.122787,18.890522,117.31143399999999,33.431674,135.183235,22.466814,42.926171,35.156025,42.336389000000004,913.825941,1079.058194,889.875292,251.51420000000002,69.239815,264.40988799999997,274.185658,331.093095,690.662891,745.50312,198.20061700000002,235.666181,462.071766,5.219821,16.635819,47.880568,50.539203,35.005713,10.932122999999999,39.887648,27.127993,121.93683200000001,62.1609,55.988615,399.02108100000004,815.858619,222.829962,483.517387,172.006584,201.66081200000002,22.760203,95.244641,42.90037100000001,7.426578000000001,409.336124,72.136825,114.26101499999999,12.535505,16.347874,74.520672,50.56016
,1750.333402,225.65691499999997,411.18841299999997,1548.3898049999998,613.463849,379.40160899999995,158.610837,254.254033,178.613407,325.637137,232.64746,118.73565600000002,130.31114399999998,418.645336,1296.498959,120.92442799999999,98.299408,156.55991500000002,159.291285,129.561554,145.211797,161.736487,94.138038,227.10347400000003,47.758024,37.74103,21.934174000000002,57.423543,147.799537,29.564875,143.87200099999998,13.813211,27.584058000000002,138.861447,77.415995,1257.406664,1342.9086690000001,1084.588508,477.689427,273.23431400000004,387.836449,129.17372799999998,251.00295199999996,502.49356,719.548369,384.279047,228.213338,578.499014,12.373985000000001,16.853975,97.355593,52.986489999999996,26.670119,36.475215,45.631288999999995,14.610152,206.742067,137.444627,73.640923,975.654643,962.864427,326.913792,536.075678,279.879924,194.048408,27.637311,72.89280900000001,190.343234,13.451702000000001,300.006629,151.5455,116.94738,11.925944000000001,39.354132,225.081868,40.299771
,2028.5355849999999,332.543856,649.774573,1565.276852,1199.337694,94.759794,164.72203300000004,150.79646,209.318579,517.8467979999999,469.17039000000005,86.459063,229.297076,573.1119170000001,1698.7713800000001,207.133014,145.642617,338.92628499999995,81.578169,145.684442,185.371644,120.63108199999999,166.703552,326.938847,67.89265900000001,39.419859,4.398268,12.565800000000001,168.70550699999998,55.328051,142.349409,7.954981,39.851104,102.022569,109.077263,1796.131178,1473.215409,1120.4834649999998,424.965528,100.026148,322.677319,259.035664,293.300576,572.236467,1148.554305,427.4995,226.024886,670.1288169999999,27.520728999999996,26.36378,116.605131,139.36194600000002,76.514315,31.161515,75.576391,32.693044,284.752498,252.25221,194.802553,544.1021830000001,1317.077933,717.3566670000001,377.551677,265.875741,268.810297,49.872835,122.98593699999999,71.143848,20.974167,455.018348,115.209856,37.77827799999999,1.162785,36.623864,155.90184399999998,0.0
,1725.10809,274.84126200000003,419.53063099999997,1171.968528,678.622072,69.155041,111.592655,269.98105699999996,86.290656,295.46927999999997,298.287445,103.17793900000001,106.64323100000001,323.39146000000005,1283.150471,78.77858699999999,241.375038,351.647402,106.37481400000001,171.076285,85.451844,172.237312,81.32432499999999,328.820126,39.686851000000004,54.534751,16.150895000000002,23.654795999999997,106.73557300000002,43.603305,103.191315,25.001799,39.351487999999996,81.962839,38.361756,1510.452938,1651.8568950000001,671.9015800000001,368.903017,80.46376,216.79691400000002,84.509431,185.003707,236.851658,482.079058,393.920411,131.10307799999998,447.463709,63.421784,12.066257,98.450904,97.36906800000001,25.129493000000004,15.311812999999999,75.646417,22.633632000000002,109.01013300000001,127.86919200000001,75.08781,393.61807500000003,1011.475694,418.828711,152.47373199999998,154.210836,241.107965,30.015349999999998,85.514461,61.686445,16.910496000000002,221.570956,85.72050999999999,51.303657,7.45156,44.265986999999996,188.30988100000002,5.114732
,1983.02418,312.10982,655.9445570000001,1347.487012,820.3430060000001,94.692095,221.26453199999997,163.797356,291.313712,234.49618900000002,250.43659,76.66446400000001,99.41944699999999,442.054264,1713.844191,312.705559,128.25318299999998,356.255433,101.97144,261.87659299999996,167.088077,162.69391,79.20824400000001,218.787969,95.302929,18.774482999999996,99.30565599999998,36.097456,260.798265,49.695004,107.462992,41.480357,46.501061,96.719977,44.094298,1064.11058,1038.816431,879.63194,368.4755369999999,224.910131,80.509458,226.377537,201.169987,280.059706,364.400914,460.27406,82.38058,788.6837220000001,50.14323,24.559864,88.16207499999999,159.96221599999998,0.700541,19.301440999999997,56.195461,28.606051,84.391908,92.04422000000001,164.978313,190.75664700000002,794.4154410000001,538.0739599999999,383.27373800000004,225.69524600000003,282.183708,106.438491,140.51090299999998,49.150413,14.351275000000001,74.930286,26.42428,51.051648,10.70271,0.0,31.058765,0.0
2007.0,3244.4907565,1149.7652295,1372.5105956,3709.1357924000004,2757.9313285,305.847403,204.90599939999998,484.8230292,221.2565792,866.9987691,811.1756310999999,72.251766,149.0740725,767.8813531000001,2228.6885254999997,1431.023036,962.4525984999999,1651.2791433000002,542.6530065000001,577.914497,879.2882333,399.1894008,108.02177180000001,400.7717897,84.7626503,142.3176081,36.3018863,38.1276597,368.27750899999995,43.535371,238.6012217,76.9432017,45.2453465,192.5974022,75.7302212,2580.2922409999996,1995.9201467999999,1722.4463945999998,592.0035753999999,212.87570169999998,255.8146082,255.2838837,200.8814458,395.30574889999997,536.5377751999999,424.73291869999997,468.1024308,911.7193970000001,55.3127389,50.605303,296.5055146,570.9455275000001,117.5159337,56.5123749,112.6920767,39.0356544,65.1015708,161.3630878,302.1997857,297.9554097,1628.2741649,1212.1198981,192.1587929,205.1749152,1052.1048795000002,223.2266228,438.173637,175.09683090000001,39.2373903,135.087785,26.5763807,37.671654000000004,3.7527410999999997,21.815086700000002,49.8878527,6.7162478
,1607.7200410000003,256.32045239999997,507.4609053,811.4934079,580.5967489999999,86.46997759999999,97.38451189999999,274.06770869999997,149.48269670000002,209.4255115,175.13040519999998,69.8160081,46.2707167,503.9750283,1101.7427162999998,247.13420520000003,225.99971200000002,432.28622900000005,119.0988354,92.19838,142.4760174,141.6742842,67.4626634,85.8174007,113.66165980000001,36.1612091,34.775371400000004,4.9986141,71.5163574,27.1255449,67.33124489999999,6.6924394,15.6723542,53.836746000000005,72.64917679999999,1117.2087033999999,840.4107163,794.3105274999999,303.07350759999997,61.06777430000001,70.2069094,101.9568732,195.2951439,61.0044151,180.00961289999998,272.5506636,982.1906117,638.3933667,22.9401026,11.4416866,87.6640675,147.88933409999999,45.717731099999995,58.5315289,28.942587800000002,10.6829792,74.6905752,51.443498600000005,107.9522322,276.4825338,572.7092235,558.8933612,635.1163232999999,156.57623940000002,404.01304330000005,101.94487179999999,191.83658100000002,167.95171489999998,30.754722599999997,52.654826199999995,3.4902849,28.644849800000003,0.6324943,7.290603,211.7031302,7.138618500000001
,1667.5146908000002,222.3548222,814.2307158,1232.6499165999999,706.3301921000001,207.85710450000002,155.39966569999999,151.3591729,107.6088905,270.8920643,192.14279949999997,54.289044499999996,151.0201847,635.8396418,1359.9681037999999,259.7145978,218.7652844,487.5871839,188.4273844,153.44558560000002,207.3752008,158.6910771,83.0372058,149.5962085,81.5063356,63.7580364,35.4818831,32.437007200000004,122.0594355,27.7494852,121.256552,101.3277522,95.70158789999999,156.41332309999999,915.2319269000001,886.2880963999999,1266.3462242,805.2192471999999,291.4655965,86.3426967,207.52213659999998,122.81809,225.45232579999998,161.3448168,811.9052363999999,243.7655425,31.8740465,981.8192846000001,32.928751000000005,18.0891563,167.9816923,177.0660996,30.1463235,87.4166692,54.4451702,20.1494554,117.5765877,91.6636227,147.60026889999997,195.4682309,1000.3568170999998,665.4883196000002,130.8008988,199.50770819999997,540.9411653999999,147.93029840000003,424.4914241,204.8435865,71.6973835,233.100978,64.46081840000001,52.361427,3.1565401,2.0033943,14.3052582,2.6130456
,1818.0299245,402.95264549999996,844.6748774,1917.9999785999998,1325.8047232999998,153.0638735,236.61253340000002,255.38319259999997,545.438913,542.4111996,510.3305264,97.92369350000001,172.6113722,699.0859012999999,1747.8298684000001,265.63899649999996,174.529931,494.3912606,273.286028,353.7716986,149.6761243,250.3788661,154.0984543,291.95850279999996,87.5936477,71.25010569999999,18.4750941,14.2124997,191.7102291,22.907937900000004,192.2321237,35.6819499,77.4961462,162.3104675,76.3609707,1504.3971169,1185.2964338,1187.9331819000001,470.7009994,280.1407566,199.0273561,251.44804140000002,161.1091416,502.2568634,401.05305760000005,254.8949757,145.1388133,802.2629347,53.1634375,10.778280899999999,181.79449859999997,173.9143577,48.2957124,55.5142524,128.736253,44.526586599999995,159.9935655,82.99381009999999,121.833761,419.38283340000004,1183.8186976999998,758.6951300000001,127.2682027,283.2129407,323.9878502,87.23548840000001,194.306059,184.8883456,31.797533,162.9565146,17.4423741,9.6886138,2.7792567999999997,58.193109199999995,78.3244196,9.3094946
,1500.9288901,197.85916929999996,693.0448272,730.0139253,556.2967862,138.21693169999998,242.2181224,151.1659956,117.5879127,413.32712949999996,200.19954850000002,105.76028830000001,154.5514368,332.5034351,1261.539508,132.5602442,174.5379422,233.1055368,135.1058574,154.4732593,59.9057736,102.2768068,68.6632498,217.3008969,50.5439837,35.1666312,19.175458499999998,19.2186703,105.69165980000001,35.1313603,131.799378,56.6701914,22.9520843,62.771414199999995,35.3229992,1195.3203874,1230.6341729,598.9225924,351.3412254,99.5878235,179.82469519999998,222.6649248,178.26884610000002,227.8616355,719.4300626,382.6722356,34.0841761,518.0370687,54.189121099999994,18.504913300000002,71.4125812,67.15353060000001,25.963264600000002,68.589694,55.109377699999996,52.607506699999995,111.61084939999999,33.8557171,60.229421599999995,203.076008,778.5508884000001,361.36661819999995,356.18241409999996,109.2720697,299.57659639999997,45.1785663,135.99638230000002,83.6891007,26.8958923,648.9536597,71.16901849999999,36.9983487,9.7084662,15.0446925,48.423289,18.4323953
,1582.4170212999998,198.2653519,571.6962024999999,832.6641483,532.1277029,145.03752889999998,173.26472090000001,218.57614639999997,83.2273809,449.21506129999995,324.54779099999996,158.49640620000002,115.00808599999999,300.8520839,1477.2856333,149.3827016,105.9387898,230.7765184,94.87666970000001,193.93140960000002,81.1093736,121.5117379,139.7721057,179.5573674,90.1822245,46.5576125,9.5782312,9.4173253,82.0704348,28.5664946,174.1315219,45.203361599999994,53.28797300000001,137.5549481,63.8519135,1189.1397921999999,1439.7349024,869.4531119,404.6056552,104.5311279,108.35979469999998,138.99094380000003,119.0839263,289.0743088,582.3684204,227.0633295,234.0667468,545.5589429,57.6508362,18.671693,116.39932889999999,120.3684768,16.1385925,43.4892764,170.4196277,11.8382593,165.5258079,105.24381490000002,97.8567885,430.37512910000004,1031.5336721,1219.8772196,349.6859776,283.3099629,472.48169970000004,51.63055,183.49728929999998,61.112549400000006,25.7027587,559.8750554000001,65.026411,48.8571455,9.4380655,53.937875000000005,144.320076,37.848608600000006
,1990.7874767,220.14487559999998,584.3015831,990.9636757999998,683.2084717,379.10363889999996,113.2788964,218.80061060000003,175.5388691,443.8902047,367.73151590000003,279.2410982,147.8856142,564.4639652999999,1516.2178128,134.5217895,175.1377481,327.5884186,61.5195607,232.893274,54.497879,126.25672589999999,125.4063332,314.03029399999997,52.1432833,35.5246247,16.8636094,9.8307826,183.4109906,87.3232514,184.3062547,31.0615181,40.6056715,51.872384000000004,20.8324189,1482.8461114,1599.8811202999998,947.3741282,524.2273058,141.1877173,344.3266214,208.5446264,257.0677458,744.8152684,803.3154591,289.43846199999996,270.1629026,676.8173597,56.6440628,9.3210724,129.20610879999998,161.28792889999997,33.8554161,58.4091383,92.02120239999999,31.6792413,175.97560099999998,76.34279200000002,61.960237,245.8105185,724.1112236,513.8880584,451.75167039999997,422.59293679999996,262.7035059,44.9116715,128.1972373,68.2697366,27.2392674,422.1951732,100.0430461,87.26544469999999,18.4827514,75.92354040000001,107.8486116,3.3793759
,1588.6646191000002,151.6709427,495.4377352,1005.6948116,412.8057462999999,508.0641671,146.72098920000002,107.2858091,47.9368661,295.8372739,201.2945206,52.329828500000005,140.34013140000002,324.2929859,1476.5883622999997,117.82084400000001,116.2618707,144.1434042,65.64742559999999,122.45499500000001,56.6612369,105.31249700000001,38.546778599999996,314.3535373,65.6560052,8.669341,12.1925728,0.0,132.31434280000002,47.93914470000001,57.078051900000006,18.7516796,35.4107187,22.0108956,37.090024500000006,1023.0064346,1069.8485273,985.3937931,386.73159069999997,118.57256569999998,157.40700429999998,336.1832069000001,109.513994,397.44664869999997,1021.6765624999999,347.2125984,85.7884072,513.0254419,2.7819379,13.7645153,75.681699,48.279831099999996,18.0379044,12.5898344,56.608430500000004,19.8996224,142.5644616,107.00898030000002,48.7458929,670.6354846,1015.1203481000001,590.0988603999999,916.1502692,440.71671829999997,95.05439380000001,15.5583605,63.842385699999994,85.0221592,4.1783664,532.4769583,77.4610098,102.406011,20.837769700000003,41.2054354,51.5988324,32.1108553
,1194.4558877,247.03184629999998,927.7309031000001,1134.7271127999998,464.1099375,211.3832202,181.48118110000001,225.88558940000001,160.66931390000002,365.95105550000005,181.00158249999998,138.29053549999998,120.84726420000001,368.527341,1699.0259194,77.37409450000001,200.9702018,288.3733715,73.12222560000001,151.8895756,146.5454017,152.61187790000002,61.5852086,222.46160849999998,39.1330777,27.3214545,38.6759749,8.146508,166.9183939,15.770780299999998,62.073711900000006,17.323613299999998,42.238305600000004,90.21934669999999,99.9635486,1455.0339382000002,1499.9333040000001,1139.7131337999997,646.5616448000001,179.08246049999997,159.0079697,347.6113554,724.4855977,422.5574916,1247.4558782000001,506.6802849999999,306.82704939999996,722.6522633,27.3289198,36.9957127,66.4511817,92.80087929999999,22.4364955,31.332675899999998,49.2478682,23.7547566,201.83043849999996,85.9540691,57.1080798,456.35932320000006,766.925274,290.94011509999996,876.7681757999999,249.8127108,293.8077971,19.532681,77.0224975,52.713605699999995,22.8223484,368.1973977,65.0998899,140.7263305,1.4249612,39.757319,87.97770460000001,21.3098051
,2648.7311357,417.0250653,620.6018025,1695.2350478,685.7385993,146.8966054,150.607137,252.1204786,327.10035199999993,627.1608976000001,408.786601,96.5121706,133.4144922,557.2893098000001,1915.2196262000002,267.0460351,155.9512115,442.5218802,136.0288694,206.8518819,189.084057,198.384311,72.7418973,191.19567450000002,71.1722377,54.0786617,36.647387200000004,69.8541389,254.29444620000004,60.9207398,82.58016250000001,27.5684578,41.051382600000004,71.3958951,50.0769384,1695.6033132,1303.7546459,1200.2004756,382.6198047,240.7148142,455.050804,166.81261959999998,191.71897109999998,242.4788594,926.477615,400.54736249999996,139.6840291,741.6460384999999,56.631536000000004,15.292610999999999,145.24656530000001,104.44383859999999,14.3708138,68.3973581,68.6908975,18.4183493,290.2028162,123.7408731,136.4760133,490.92174009999997,1186.7951507,541.550038,779.4571109,377.6157379,499.05761590000003,75.2631292,162.2952267,76.9012699,49.8858149,344.03569400000003,124.70652860000001,37.1064704,12.900565,37.0057306,98.14508599999999,57.8175755
,1656.9256014000002,213.1687254,590.2916428,1330.2075097,494.88540330000006,82.1282345,203.3820885,231.68059560000003,72.3810401,367.1238608,165.4032242,26.132183700000002,78.6005607,438.36984829999994,1596.4222152,191.15384450000002,186.2633857,266.11279720000005,84.6865436,200.42348890000002,173.9449615,162.0850316,46.1688144,166.02466769999998,56.48054090000001,40.27469309999999,65.8945248,5.4517701,196.5713566,48.1046666,122.46171369999999,33.175250399999996,28.8535156,76.3236062,58.243721699999995,1324.5791002,987.6260551,804.4495572999999,244.9055586,104.1486328,43.1566465,114.07751959999999,158.4175623,239.30107610000002,566.7222859999999,270.67144079999997,88.73100869999999,677.7454680999999,60.1657434,45.2073948,75.0526647,123.9303329,24.4992522,16.1660869,48.0712832,18.984272999999998,179.4586834,101.27550149999999,95.82998280000001,161.16125069999998,859.6615356,499.7199654,164.7684578,253.3653443,314.9500954,67.0704178,198.9918981,193.4701189,62.60042609999999,175.47513410000002,151.9516299,42.8502413,1.2306519,18.4982855,107.1200466,12.080249
,1535.2314417,328.11650390000005,729.9228641,1488.1077923999999,937.6863478000001,93.7637955,157.9719897,165.0770813,324.4883869,308.4135047,257.5119256,61.9310902,81.9282788,348.45017770000004,1671.2090283,281.9185533,180.0114107,417.75036769999997,75.0055009,213.08510339999998,130.97640040000002,128.6091477,130.6235641,238.5307882,118.0108206,4.7334929,33.0261475,26.5431235,84.8668075,42.809836700000005,129.2456612,49.5779869,79.9258327,115.81550519999999,63.394572,1136.1826454,1354.7338302,940.6084714000001,327.32332759999997,208.22167220000003,114.2430215,207.31403849999998,65.77205219999999,306.1208991,381.92304049999996,408.5720051,167.56277790000001,507.17430650000006,74.90092899999999,26.764587300000002,157.6097041,135.7036057,24.8322857,55.0982215,66.3453909,17.327526900000002,94.9772532,46.4856081,159.7424433,120.7558174,953.7127910999999,448.20287850000005,603.521979,125.7964861,391.0682606,83.81098610000001,158.4019308,92.323918,32.9177243,35.900286,26.549981000000002,21.0445281,9.4551628,45.951239099999995,86.4866489,9.1487195
2008.0,3149.4909417999997,1047.4165410000003,1339.4775676,3600.3269958,3130.3829163,147.19594560000002,283.0052707,451.7208951,241.534875,497.77950649999997,561.8305998,151.0478725,121.48680970000001,641.7982354,2517.7524367,1529.1650769999999,561.495451,1325.6380565000002,529.5350339,512.6127195,1026.3625362,366.4949202,130.4200899,410.87010119999997,96.54398210000001,60.3700742,5.7547972,2.3681495,136.58603610000003,55.9970498,342.4197189,147.0577265,81.35537719999999,109.77108539999999,90.5030647,2032.2313264,1936.6682705,3342.3168734,332.5890758,550.7037339999999,408.59827169999994,342.4848024,265.9746736,165.41675550000002,772.0707524000001,448.3226264,30.2057759,1335.8593507,31.931235200000003,22.5802688,252.93473020000002,509.76339809999996,57.4104198,74.1346889,120.28461510000001,23.952699199999998,101.706529,283.907019,535.3147116,307.7614646,1502.2649556999997,1207.1998243,133.3894024,288.7445714,508.7606821,304.7119207,324.12433369999997,222.3455794,32.415847299999996,79.5017429,10.812954999999999,21.273246200000003,10.0892826,127.4540795,45.5764173,0.0
,1397.4580523,226.0985097,579.4152151000001,1183.6656805000002,948.268358,86.4793833,129.5308986,185.6667476,98.54555599999999,315.6945193,309.3723884,23.536960399999998,108.72026929999998,287.5642541,1303.3028583,213.9386981,429.0255782,351.16862829999997,131.2526368,221.743277,148.52480649999998,167.3092263,45.549406000000005,120.75739610000001,130.4336668,51.4009457,13.687880499999999,17.6645769,60.8810569,10.896347500000001,158.7691195,30.365828299999997,47.0918278,43.4089406,19.8428499,1068.1006722,1170.1902902,893.2127893,214.82069690000003,71.9511123,147.3884028,147.8597469,134.8953359,113.8909911,246.25404039999998,252.99692540000004,81.0142956,544.4320262,14.1861991,4.438453,56.2000594,116.12553519999999,11.5163848,39.67836,52.321946399999995,11.127720199999999,57.6772084,53.831507099999996,159.4580758,69.04600079999999,687.8182527,550.7465308,206.5766477,108.5623555,405.30952279999997,102.08320819999999,208.012207,132.15386629999998,51.9606816,113.35004789999999,8.8611918,32.2770388,1.0747906,33.3189746,30.9945716,1.2113062
,1682.6304284999999,339.1329112,870.0547269,1257.7814842000002,970.6956831,282.05310739999993,180.6616012,231.9460887,121.07856269999999,553.5481117,364.9105816,93.6108944,148.018958,541.0093480999999,1389.6954295,393.0445696,156.8635294,677.705856,282.2664165,312.9360492,231.7172392,316.4561353,209.772594,250.1841639,69.6453315,42.4626454,37.6415997,23.1335658,214.94158679999998,52.1060964,148.0248382,37.9440282,79.3685148,122.0364971,97.97413449999999,1223.1644661,1034.3200616,824.9946785999998,142.3161408,94.1323086,112.6338457,433.6916752,247.283887,151.8252273,576.8587267,500.7403386,358.49184320000006,527.0119321,35.9936149,6.971699900000001,177.95602440000002,187.4612168,26.9412269,49.757097,111.7527487,41.3631497,108.3112822,227.5870683,117.3433541,185.49490740000002,954.5179356,886.2532123999999,138.6427388,252.751716,372.3135487,134.22914559999998,401.86250590000003,252.10712980000002,68.7939638,155.043037,18.6543372,33.2236874,1.5200233,25.337497,16.9824164,4.3162177
,1922.5163704000001,279.0853165,676.1537545,1176.829123,1197.5568565999997,115.15678879999999,193.4414775,340.0130133,180.3092224,309.21849779999997,267.32355020000006,48.9751638,164.42637050000002,426.61420699999996,1463.7156145,240.34129500000003,143.2602711,267.9217168,133.7610615,180.7338318,123.602352,222.13809980000002,66.38400060000001,282.1508782,94.65599540000001,38.4503583,22.7058272,17.895691499999998,139.3551928,81.5457293,105.9426447,33.5998514,107.8211101,98.82190920000001,53.553947099999995,1184.8067052000001,974.5361085000001,974.313484,237.0424076,72.67720999999999,192.3748418,133.59232640000002,137.9141238,221.3478654,540.4438381,301.8087607,189.1896669,564.9274322,19.8756069,6.4359687,90.8161712,152.8801088,33.923663000000005,27.239319599999998,61.4752679,39.092316100000005,243.1805291,181.28611650000002,130.6560532,275.3485449,763.2118525,576.6423813,228.7524882,182.2149014,333.0493546,373.27840740000005,217.947618,115.8615326,77.5398724,150.9359678,36.8937463,135.7696227,15.2026712,23.6314494,39.6943322,5.7234786
,1501.6001945,138.7951242,645.402304,1127.2883895,478.23768640000003,103.6380356,90.26559900000001,151.6943398,116.4918365,482.88758959999996,415.0987555,215.93179890000002,126.28115310000001,473.90806019999997,1358.6435259,459.10104540000003,119.3321098,283.1526978,160.7629512,269.00113699999997,45.7801666,117.7760129,38.6450225,262.7653332,109.3369112,39.04851,5.6373482,4.9623786,125.865938,44.8401489,95.645695,19.0466107,48.2425366,74.8040951,36.679364899999996,1001.8624806,1041.5408152999998,767.0817987999999,229.91970349999997,153.54594999999998,105.53406479999998,288.43148709999997,202.2524308,181.1427286,433.2653478,447.26992440000004,279.5343776,595.5436964999999,44.4740467,26.9482663,86.5436447,98.06125410000001,16.7049669,26.5290586,41.6866083,16.8181887,173.9490607,93.81540569999999,99.8500708,255.25767829999998,937.5341978000001,297.35085979999997,288.7004013,135.3654047,182.9997415,26.950355,88.588403,76.43004690000001,22.6000885,180.4705749,30.678881699999998,88.23061950000002,26.2561257,35.0571446,101.0325837,90.92356439999999
,1592.2871664,162.8821099,444.0321211,1027.1650565,543.5568994,83.5447131,181.8917823,198.7912369,163.8877609,299.4018311,226.9411823,192.22872869999998,150.6354819,294.6087329,1378.1865215,109.65548670000001,159.4927773,224.1616122,55.1353852,174.14868620000001,49.5105867,200.77905650000002,102.3753533,143.2909251,197.0645585,24.059022199999998,12.5612987,26.8614212,81.09854140000002,54.9967474,108.3158843,50.3239168,93.2838607,100.52969639999999,32.9140848,1202.6397049,934.9582975999999,572.6006831000001,282.8341798,167.1907966,113.4791533,293.1217575,230.0607884,355.8401424,583.0849199,208.0536792,141.33256160000002,481.71233359999997,25.3250469,29.359202500000002,99.80636380000001,87.3774864,19.9187793,16.0550591,38.8663961,41.1252172,72.6124559,82.79713720000001,86.22404399999999,254.804184,690.1269652000001,369.97272669999995,471.4764623,156.12393439999997,210.66310940000002,33.0790164,211.4081922,60.36984399999999,15.456574699999999,336.9608817000001,50.3936282,139.9572119,11.6247705,65.4692156,119.10606650000001,31.215547
,1976.0675863000001,186.5211099,576.3301934,1310.9124084,549.9910258,410.430816,242.78774650000003,97.09092530000001,99.6037259,393.63630969999997,258.0798066,61.950008000000004,193.1661729,439.8605294,1669.5039457999999,109.0103148,178.727667,207.46315739999997,58.2727985,111.37741199999999,35.2132771,95.60271610000001,60.4496286,356.53579179999997,51.4952409,27.1055454,21.4489637,21.8988583,177.5454575,58.200987999999995,148.91302950000002,45.502672,86.9972736,123.36464989999999,94.5135351,920.5551517,1366.4500580999998,794.1000481,278.6843821,135.04518339999998,416.01174560000004,181.67088420000002,131.79545489999998,416.0861417,903.5594178000001,409.017282,212.07984649999997,636.1342925,32.7728569,29.565859600000003,88.616851,89.5274432,6.5076919,15.1741591,51.560916600000006,16.942464299999997,193.172463,76.9514367,84.61111,448.409238,883.8966373,416.19910860000005,629.0076897,158.9920321,288.7566752,25.5879643,41.2187761,75.9853728,14.6141938,471.2994336,119.7806578,130.584993,9.321489,125.27810600000001,185.1758536,4.7199064
,1694.8669451,198.5088902,475.5979763,828.6677869,662.7128465000001,540.0103961,139.5866407,122.5831506,105.7261111,467.21574050000004,293.7022535,144.9129981,129.7175393,463.4014951,1940.8924722999998,170.794399,47.3035031,201.9381515,99.1795825,88.45241049999998,37.2721168,94.3444282,78.1762754,340.96246410000003,47.239014600000004,15.5841121,37.7569125,7.738939,197.79464120000003,42.377696199999995,78.06536059999999,17.337313299999998,43.0285358,155.0882249,25.1229666,1517.9926123,1146.4193057,1112.2624495999999,327.2055807,338.64622519999995,212.3460913,677.3146679,249.0327447,246.7303888,1079.2588509,276.4257383,282.13716020000004,509.9307517,66.9590019,18.3396251,24.4877028,96.6071926,63.6946295,40.3528363,62.6931692,9.4811811,204.4686827,54.879326400000004,54.4299023,321.0519061,923.4732949,338.6643603,755.4075077,183.2381968,159.65834960000004,21.8836734,134.5136479,34.4726865,27.044473699999998,449.8617358,86.9894836,113.53059429999999,15.184314,30.0061722,141.2997347,24.800789299999995
,1584.553641,238.5687484,552.0970584,894.5596108,469.48104249999994,147.95898540000002,188.81810589999998,149.2090958,163.4174011,340.9746549,181.12264820000001,78.8984234,103.8584492,437.0441328,1425.3922424999998,206.0400778,103.064871,194.2318579,129.18897379999999,143.5806206,143.4831341,133.1610175,84.6461426,268.0952775,64.2255058,58.329725800000006,27.0191089,19.3892033,139.80374559999998,15.0520095,97.40841019999999,65.3874864,20.792569200000003,61.900711,19.0695471,970.1096167000001,1229.2134265000002,875.0437006000001,434.1796107,122.7016309,217.611301,170.6231929,163.81217210000003,265.9914994,635.385217,336.5138786,94.89577089999999,586.2385826000001,27.873533000000002,27.2330854,90.0244864,67.7322858,13.6278165,22.402261499999998,41.97365739999999,22.1776352,170.6055684,102.7410523,74.2113104,493.17022679999997,1068.487163,406.15351169999997,341.3087271,257.95095580000003,274.79927949999995,35.0681797,88.7635202,60.5092568,13.068795599999998,324.39905460000006,85.7216518,52.7369125,2.3253031,30.844863399999998,81.0622008,3.2831498999999997
,1511.4780638999998,241.98425369999998,773.5287655999999,1629.4911677,898.9887405,94.5540339,226.5899677,151.47959459999998,176.8980177,583.1587496000001,327.72364450000003,289.0885825,166.3536061,491.76807429999997,1639.4913384999998,175.8567934,138.3771888,250.689124,80.5134202,135.3085614,273.96868220000005,148.711133,78.98225120000001,157.1896216,62.965553199999995,53.6868204,0.0,26.790247100000002,213.58240210000002,44.2465589,93.82710829999999,16.8507182,31.0161752,81.2157523,61.586393799999996,1205.2694688,1536.2877343000002,737.5782504,178.73496619999997,163.6327136,278.0909243,277.7593892,260.5282685,317.1658473,768.7882126,197.8272607,70.2954516,763.5588321,41.9000375,41.278365799999996,111.2499815,101.46764300000001,46.1466226,30.9448476,84.06295899999999,31.3197307,246.26313979999998,131.854612,264.752851,230.0266119,1145.9468058,466.48599820000004,229.00627300000002,219.8436434,165.7714084,19.227759,125.7566095,31.753586900000002,4.4572727,220.79039369999998,62.532308400000005,32.8426476,8.0754685,28.6724819,194.289778,6.8003231
,1555.7503504,265.5957435,590.6928085999999,1236.0599474,842.6515194,115.2429723,194.5475653,182.9406443,109.7320758,317.4181162,164.8673941,74.4493521,92.1569179,401.329882,1945.1471013999999,300.2124613,187.863087,309.5923874,216.2626433,242.73691960000002,151.5191688,156.4504688,139.64024940000002,301.5399436,93.508518,82.0803617,50.9615156,5.2158726,184.3008108,56.2082403,107.7611258,61.3028604,15.0678599,59.8273432,115.3355761,1381.4430228999997,1539.4757631,842.2468095,262.6226488,76.90241080000001,308.1685708,103.51615609999999,228.0982672,275.5088164,581.0888854000001,166.7131731,74.7734054,516.1867562,8.8381527,20.732022999999998,212.1542202,199.12034069999996,8.6373313,46.7438934,33.7312384,31.3102317,159.50189600000002,57.213873500000005,91.0700156,180.40434370000003,703.8562360000001,436.73641569999995,133.5770403,230.1501856,290.60136559999995,66.3609705,154.17380789999999,63.4133918,29.933928199999997,178.8073208,65.99318840000001,24.530431099999998,9.1184454,77.7627503,58.6727716,0.572503
,1633.8948434,282.3399072,549.7349948000001,1185.8728287000001,786.774321,206.4635011,244.2499683,671.6237387000001,166.012737,288.57651719999996,272.4851991,134.7538753,112.0118507,402.93635919999997,1495.6634663,245.08230440000003,177.3159511,275.7909066,94.8688135,243.97338109999998,153.82999099999998,128.2796281,77.3157698,154.84172289999998,80.5499452,36.512384499999996,6.5975871,5.7647567,64.2366713,81.90558949999999,82.393741,41.941511,30.131468799999997,54.4819468,35.274186,1148.8043329000002,1459.8409216,699.3018967,217.9542142,147.2912349,240.9016303,242.5295168,92.94552300000001,259.3341233,328.6794991,379.41998440000003,145.36264549999999,744.1795363,28.141360399999996,23.0934111,77.73376820000001,127.964313,58.4558338,55.7575925,85.2669213,9.076543,106.10303210000001,90.4163093,115.4904019,239.2919051,681.8204802,403.83769609999996,184.7379429,95.10029839999999,389.51575320000006,50.034740199999995,186.4414978,85.17851660000001,17.0836739,38.130757200000005,15.9651443,5.4749448,0.0,1.0273138,16.095417,1.0502254
2009.0,2798.3853755,974.2280311999999,1081.8052118,3819.3156761999994,2884.1452323000003,389.3309672,236.69771620000003,388.14797749999997,114.299242,554.7850480999999,684.9446717,96.9763583,86.7367107,397.8860634,2037.0716983999998,1058.0097716999999,675.1516134000001,1272.2962069999999,370.35918730000003,345.1679993,683.0686634000001,570.1530864,73.1690431,699.8068939,131.7709073,105.9070912,69.1702655,21.5333595,231.4235137,71.092668,139.6895748,115.7299441,53.6594621,113.8241763,106.27596489999999,1898.0432858,2116.2819891,1995.5478093,579.8969940000001,189.83813709999998,726.3109845000001,279.0895341,61.5912494,255.929973,635.7729426999999,448.0225651,35.8671984,965.9198115,77.5309225,37.9305479,334.35713020000003,220.9507037,94.8375287,110.176765,103.0257462,20.223288099999998,47.764789,267.845526,291.0024085,342.01206840000003,1416.3195951999999,1045.3219995,96.74395340000001,413.9698613,664.7316794999999,181.1735475,305.6862144,241.99766659999997,46.3459839,220.6918168,30.45154,21.418387600000003,10.4245385,9.2595771,30.2808884,2.6024779
,1255.3835813,303.5748785,360.50096169999995,1162.8984456,679.9174055000001,42.057014699999996,125.6623687,129.5108565,130.8788511,164.0817685,180.04914970000002,49.739333099999996,61.6069161,304.07881169999996,1496.5134097,303.41909680000003,103.0525844,264.74362779999996,78.4318164,128.3170156,92.7486584,168.48389709999998,58.427070400000005,58.739568899999995,57.04775600000001,4.961038,9.5290549,4.7092712,89.7660142,47.652308,63.4816041,37.5497402,15.192787299999999,54.71239820000001,38.3128364,758.1617553,841.4067116,544.0567347,97.2279748,181.5048402,103.909297,79.7779879,55.9990808,130.6475929,212.63801790000002,392.80048869999996,68.5561541,500.2549132,37.310755300000004,17.2006034,65.68376119999999,83.2056048,120.31155469999999,11.9845086,40.6535261,6.9801174,216.6898006,169.8594295,88.33908550000001,86.00120079999999,639.7674641,514.2234096,142.5498703,146.0934637,393.10346480000004,104.8421913,164.7268593,146.7129535,63.866841900000004,74.62096310000001,54.5966915,13.8895975,0.9680527,3.0393885000000003,6.3472982,28.6290831
,1274.6185408,146.99568269999997,778.1469278000001,1170.9138742,1065.7959174999999,57.9610899,121.7957321,172.029168,102.909268,285.0046928,200.2314464,93.31146550000001,119.7892756,568.28102,1146.2445804,326.7121589,151.4267104,395.4686644,194.4168837,159.99394590000003,257.6151408,118.0855522,79.11290460000001,159.8485422,39.98794899999999,49.4347975,8.3967969,20.5420691,123.76603,32.327993500000005,73.1087675,27.5704056,23.892636500000002,68.5788292,55.085754900000005,1097.2479610999999,1108.1963967,874.5021894,265.9538185,102.0118745,50.4093571,36.2085258,18.002007,80.0384396,137.8732743,236.8484705,12.0778135,635.2565494,24.0136951,14.453852899999998,129.65721489999999,105.4483908,73.375794,33.1796651,44.5507971,31.056675300000002,89.7700972,103.6537373,178.9075685,124.72948519999998,760.7354061,567.380973,137.9663428,123.04430350000001,381.9849436,145.8948432,141.1178009,183.40570910000002,31.508490300000002,147.57515220000002,14.8521854,11.4272624,5.2129499,6.0646098,38.5738882,2.8181335
,1635.2358442000002,268.7080206,573.1497818,1486.0788497,1134.616952,148.0965622,176.4219203,327.5016737,209.17495,397.5115434,274.9987829,66.4117978,144.970549,396.47896929999996,1513.4619448,278.832061,127.2795947,405.6633927,190.8868549,204.9576251,131.40477950000002,207.6243335,163.1830106,297.4674418,88.083214,64.9374445,7.9494264,3.6902864,201.36128089999997,38.443282200000006,180.6002714,15.322244600000001,24.5583373,60.6039316,91.59689510000001,1094.5914957000002,1140.3940668,707.7327037000001,211.34385440000003,355.8645106,74.6357699,89.1448403,163.5059353,214.92918790000002,535.7517981000001,563.0429618000001,37.2754353,501.7354827,59.0393967,13.503566200000002,102.4064548,117.21177859999999,54.8036633,24.0316015,181.89630939999998,52.7946731,241.1425415,237.66687180000002,142.0414518,316.29140929999994,853.5155351,568.8295840000001,333.62378,191.3768909,470.8161146,65.8790767,211.80997570000002,204.7420429,13.4069608,222.57616660000002,43.78517730000001,9.5355046,28.312949600000003,9.8040664,104.844783,6.1750232
,1670.6167627999998,161.28444530000002,644.3939367,884.4883422,559.5278112,56.912635200000004,130.8901592,220.48467370000003,116.74173240000002,349.6107023,309.1360722,143.925208,84.7617358,421.40839639999996,1554.4502695,166.0766007,138.0067419,328.5385581,232.18149329999997,107.2945866,85.7136105,129.67391940000002,81.02611970000001,273.43196079999996,123.8820641,68.0706772,11.401347699999999,6.6489498,205.79303449999998,24.5129424,98.34212860000002,16.1281785,36.641748699999994,74.4788336,60.8612022,937.8075131,1035.3868673,632.1296553,201.9679781,66.7278588,213.0631968,213.85703589999997,142.0064629,287.70126400000004,675.7407309,295.3944439,101.9374915,539.9643376,28.857858099999998,12.0973918,86.189553,106.3292026,23.3490361,20.105922900000003,36.6593375,50.2636563,123.86803750000001,179.0075918,148.8625591,155.23378540000002,676.4550962000001,357.49675679999996,109.4538418,158.3155084,334.8045947,34.586631,127.55880799999998,138.55554850000001,21.6040694,360.6619622,29.029314300000003,78.7953077,9.394114400000001,55.053859700000004,48.230153900000005,21.4388997
,1449.1235202,162.61682969999998,329.15846619999996,751.5199355,418.2324522,120.8664086,110.2337968,113.317275,196.42984510000002,374.4908875,242.6473765,60.8306591,125.65580639999999,285.3574791,1315.7003504000002,156.8458314,162.1404286,204.0184496,87.47477239999999,148.4852506,109.8492773,86.25303889999999,52.2817125,331.4328256,83.3607849,6.4215982,28.2263147,4.7295766,132.2296816,71.4476609,146.9203546,20.0273437,66.483053,39.108680099999994,55.9111354,729.7546665000001,872.1964953,768.6932441,473.6631301,140.732452,210.77249500000002,217.99924239999999,90.3709884,141.6600976,768.1479039999999,252.96202110000002,293.1470455,443.67643419999996,6.5969996,20.9246427,60.303174399999996,76.8659205,6.4359038,11.8095412,43.2682908,20.3226128,135.8812829,118.4976931,71.24854230000001,189.9910901,724.3129753,360.2659055,256.0676573,118.13607189999999,202.02746749999997,27.7326331,116.77371579999999,102.89631779999999,32.7302799,299.5792766,120.1526145,50.7818716,9.8653142,70.0402484,127.7001458,30.5737624
,1282.7876085,176.5963299,565.0419297,962.7258059999999,355.1383879,406.95793610000004,118.09995760000001,170.71949840000002,132.34183960000001,341.4005406,259.66116519999997,191.7453367,133.9506279,478.91909880000003,1692.6960343,231.67041289999997,133.1142064,247.1593521,40.60233970000001,139.7015038,83.7571556,188.6584608,69.9256646,404.77684020000004,109.2286045,39.5832466,27.6711902,17.3381625,233.17341820000001,17.7683903,125.0540168,46.099607999999996,38.71325350000001,21.871461,102.4547792,1185.2734472,1320.5326999,1010.44009,1065.7114563999999,213.46173860000002,104.8126627,103.7705967,246.8337449,511.41487169999994,1006.4085883,439.00945850000005,293.4909372,722.4209575,109.09238189999999,26.722773,63.5750697,69.4910494,36.371926099999996,47.6630221,45.9051475,50.256928800000004,282.0537725,104.20208090000001,74.55352470000001,432.78689969999994,525.9871283,342.5459381,574.8800897,180.1080657,229.8928583,39.3606743,141.2019032,57.660886000000005,13.9351919,292.0531818,63.798786699999994,49.7077995,19.464453300000002,61.554297999999996,139.6886473,46.7990505
,1176.8646597,199.86720679999996,554.7165448,969.6370795,480.9890173,532.7767177,119.8693436,157.1367126,111.1257195,184.529848,243.1573202,180.486752,122.14256970000001,292.5521535,1515.4326079,130.7007738,134.2633097,173.49535790000002,52.2889056,156.8206581,86.8109072,85.1391276,50.1424812,317.08876590000006,38.0615109,10.3631648,14.6785874,7.008636699999999,124.2574857,67.6214916,123.58568250000002,7.7247139,32.6505723,31.2407514,34.8366807,1332.008786,990.9659624,800.6241970000001,488.4903066999999,54.6612167,206.12396289999998,163.8631455,92.0363397,305.5695908,949.0084357999999,283.7419191999999,300.0076923,613.4236066,18.669737100000003,10.2581573,72.9962914,49.6703136,20.0166474,10.1525832,66.7752121,22.1759491,203.6777796,38.3353789,79.516859,274.21701670000004,473.356037,222.0426225,342.4479231,139.7316607,293.1547463,31.1090771,133.0917977,71.389264,13.619539600000001,614.3090159,65.849358,77.5103447,12.139196799999999,26.4187768,101.99932340000001,23.880676299999998
,1653.3189541,196.246897,546.2063113,1043.1379672,417.0573914,160.57471809999998,201.838058,583.7470374,216.95800200000002,374.94513200000006,405.73004610000004,121.2159951,158.34098999999998,423.6256073,1398.1683038,139.61010860000002,185.8915811,339.5351281,294.9116967,147.22949870000002,111.6947515,88.8739142,66.2831634,376.59167640000004,60.6704792,22.1825896,4.0405202,18.2296162,150.02546309999997,35.615247800000006,134.90965549999999,26.6829322,37.6735554,134.8105584,59.9248369,1288.6633369,1214.2665123,1274.7285829999998,430.95373620000004,237.92179900000002,342.6483309,135.9538496,334.4733462,614.0910534999999,1033.6706960000001,363.2146064,397.4031734,545.8600744,32.3845734,17.1920085,69.99899669999999,61.66060490000001,34.3023339,27.694532,44.2491948,34.374133199999996,255.6047253,111.79213409999998,66.8344453,370.8915922,781.9096377000001,374.7308172,354.36438269999996,186.96269429999998,253.545478,31.4893086,101.542628,71.10856559999999,26.0789008,289.1471398,32.8452412,61.1362857,15.2245375,76.4337941,217.3401705,36.3616533
,1994.9871968999998,254.5288721,812.6713160999999,1638.720417,928.8772159000001,125.13839680000001,259.80898709999997,169.9522948,232.0581593,479.6672622,383.93752889999996,81.2010445,130.7406271,514.4995043,1686.2420702000002,148.4352096,133.8643676,285.90302,162.5375556,254.9804053,108.194559,137.3810659,76.86046400000001,156.3214337,83.9185413,13.2374504,62.708898299999994,78.6501667,337.245796,77.3326932,87.538818,42.7793514,39.548414900000004,70.8157314,67.91211870000001,1341.5493668,1199.4004615000001,1369.9979969000003,444.3135171,168.3906877,325.88276759999997,90.1354296,356.729683,177.2368823,757.8961232000001,250.831977,166.8866627,655.1175072000001,43.3292617,53.4117973,103.295068,123.9559525,86.4898635,67.8973227,45.8851374,19.784546600000002,351.2132206,180.3857883,123.06626320000001,284.57350369999995,874.4812370999999,391.44708729999996,163.5870632,153.78345330000002,382.96662130000004,30.466924400000003,141.3522007,24.3846427,26.1230157,205.1437072,23.5407565,53.7650585,0.470228,49.1789076,96.1498273,36.8581249
,1765.4940550000001,241.3727068,645.7047402000001,1406.0774226,650.3761385,106.7406296,234.4882332,323.56344880000006,169.7776036,365.0624888,309.5877838,65.2118899,100.22655060000001,227.94314439999997,1801.1242149,236.9152042,310.98867359999997,425.8882375,203.4023788,191.0589384,110.6727473,172.6677226,72.0087829,257.46149299999996,100.6172532,43.9978585,23.9534099,4.6739194,111.27017860000001,32.6417095,229.6230993,5.0389675,56.923954099999996,44.5202075,44.4672304,1148.2897420000002,681.2751436,829.5662895,378.3435802,279.9402562,49.2478029,175.3672323,84.95684059999999,127.24702869999999,802.2517398,494.58389680000005,159.7026663,718.9440761,31.006171199999997,4.5493352,112.45545190000001,148.93587910000002,26.7594457,27.6138376,45.4836453,17.1540351,115.57131999999999,100.64329039999998,135.05390609999998,150.34061930000001,579.8262024999999,383.2845058,144.95862929999998,199.6659505,342.2246074,63.486241099999994,178.3822303,92.6815882,47.549308,239.2369145,90.492176,19.445028,33.6966379,35.1284084,90.41094460000001,36.1033915
,1484.2119149000002,449.6496667,766.4660395,1284.8700273,808.4127890000001,58.838740800000004,187.6941493,223.8750055,118.4487776,319.81332649999996,294.8356074,26.7379154,60.300875899999994,365.3119776,1389.7559514,197.9048687,162.5247182,324.6789516,116.7777492,153.2563553,135.5519287,124.3719668,117.3939795,140.74897380000002,143.03301820000001,13.853157,11.1842412,23.8732839,151.6413504,33.602839700000004,109.89770209999999,26.9744296,7.4190616,13.8947519,18.0582776,1038.5293904,1096.6410314,834.2133029000001,391.85664089999995,179.1055051,116.9294555,197.9388716,84.5647498,193.9984956,451.6722842,454.7347323,10.0210868,857.7588501,33.4858083,14.9130282,104.2648702,70.1163995,33.3757265,50.933438699999996,48.864638,20.714192699999998,47.2825806,87.72448890000001,84.4361462,125.4510759,907.1935578,427.3831524,162.1728292,198.85867789999998,211.12498,78.7739082,110.41048230000001,157.82381270000002,27.610523200000003,276.13538869999996,11.5606555,10.9013352,0.0,8.1580393,20.1209949,35.3690929
2010.0,2954.7832293,684.4917556,1118.0801638,3624.2678524,3137.0323523999996,328.74496930000004,214.6634173,345.8669859,273.4244593,726.0074205000001,523.7292514000001,56.2434156,205.51897699999998,652.8110343999999,2114.1862132,1073.3531107,998.8091607,1301.7854898,371.8743867,407.1424301,709.2460248,253.6422901,155.4498057,641.7810671,160.81456129999998,67.785059,72.8920804,11.443261499999998,404.7270268,38.7771244,189.713799,22.9364047,39.0486364,68.15148909999999,132.0498529,1888.1523519999998,1945.6776987,1671.0008754,469.92294129999993,292.7303743,409.7509732,242.50824029999998,256.8848665,241.94398270000002,1018.5870721,367.51516849999996,78.1202764,693.0183296,17.7279388,28.0819384,365.629661,311.2624874,53.5611137,116.50619599999999,173.00676289999998,35.7532027,61.9366564,201.914944,309.6536209,316.24916099999996,1259.5350131,1038.2317345000001,224.12134980000002,156.5399546,692.8778922,272.0248203,380.4225043,364.6000038,71.5718943,174.92743430000002,17.744572599999998,57.0903935,42.942470799999995,64.6415503,25.7129624,5.376755999999999
,1521.6631054,235.01061339999998,499.14803689999997,972.4238367,876.1528042000001,93.6184765,115.68778970000002,133.06184530000002,113.653136,165.030801,155.7390869,7.0592703,50.031673700000006,499.7967417,1420.7861441,220.063931,148.43771470000002,312.5678739,156.8589776,141.88651720000001,138.3250546,160.1861478,62.0800992,127.1140879,70.9556111,14.2964141,3.942069,24.1225,56.546848600000004,9.2503203,83.6441389,13.4876875,17.7319183,174.9263387,22.3031936,754.9010195,1053.6830116,747.738136,214.9444664,2.0213185,52.33303600000001,277.63909689999997,72.9060206,168.9324181,130.8974997,390.9678172,255.51816050000002,471.3411022,21.273448000000002,19.901429,154.1644669,117.7440048,13.057640500000002,21.664050800000002,44.1525043,37.9892303,82.3786664,30.089305899999996,102.8027827,42.9050146,576.1132457,582.0301375,159.0341647,109.8267078,337.30092469999994,49.099093499999995,165.2721552,87.2077995,24.020407900000002,91.5313221,2.6986713,11.01781,1.2341401,13.7311623,15.4602668,35.7432125
,1512.0587094999998,217.04007030000002,602.4048179,827.8122376,623.882152,85.4650588,164.68352750000003,127.40539799999999,116.7325969,332.1045827,219.1255208,108.3312444,94.21187830000001,590.9250834000001,1301.4600784,124.66902429999999,211.87582529999997,428.960188,223.10818,506.8053774,102.1550499,166.601117,124.60588709999999,196.04774380000003,78.68673129999999,16.9170591,34.0321603,27.0895355,67.7810038,42.141563,179.6565184,4.4868252,45.1863759,73.5953075,25.574267999999996,1016.7506215,884.1481254,373.2636296,277.83589599999993,135.65842709999998,85.3235231,115.6596408,69.3392107,139.29671109999998,311.53054610000004,434.8191051,14.2669215,603.3936978,32.247020500000005,32.9379026,55.62760479999999,81.57815240000001,25.6872727,18.4481808,59.3899024,10.981093399999999,65.9368964,112.15732679999999,136.5588382,98.78948360000001,792.633024,356.81935089999996,131.099067,127.2600229,597.4329817999999,74.16114669999999,114.75042440000001,140.15045809999998,45.5358657,115.4848184,33.936251,13.5517801,0.0,48.38460430000001,34.6896896,0.0
,1496.7797246999999,262.5002158,675.1439644000001,1514.3048823,1001.5071514,150.5753399,291.08579380000003,284.3236364,167.7660974,527.4095332,581.3788462,184.0309406,224.7319089,595.0852395,1386.3269233,186.690876,146.921191,445.9676419,267.0060009,251.0826107,269.3262894,217.9693847,104.573738,368.4903214,30.294981,25.4159957,15.8686318,41.8656921,359.7158165,126.0937358,217.68101330000002,29.7408699,76.09796870000001,152.58154950000002,58.6221893,1276.2192899,1338.4947137,541.0429415,320.4419177,135.35215970000002,180.1934403,196.5290374,211.997624,203.985766,359.09614339999996,339.6822768,121.31847020000001,699.1811167,59.4588692,8.7935557,112.1022424,181.3572169,38.9254992,14.509761399999999,106.5507446,30.342221600000002,178.6837858,133.8352521,217.1762696,190.8268114,906.9676214000001,650.5735027000001,149.4234302,168.4028179,380.90514339999993,85.7377006,195.2822598,126.50098090000002,60.1847511,250.3117424,37.7895423,24.6717997,7.690006,53.9667251,49.3294572,13.529389
,1178.3112237999999,165.1471042,454.47359800000004,927.8954074000001,421.7967521,66.3856823,115.99171550000001,257.4420903,104.517125,228.32267480000002,326.57775530000004,156.4180002,101.00889579999999,458.1355896,1301.733168,64.1156286,469.11068320000004,184.78538609999998,61.070220299999995,175.2603958,83.6970276,59.1178453,50.190000399999995,140.0480387,93.9461351,3.5916516,40.179310099999995,21.5553012,238.60166170000002,39.8335982,94.17719849999999,22.1424545,46.8579248,66.0314046,46.9340792,761.3622987,967.5119397999999,508.93279010000003,202.7563061,95.9273423,166.8308986,233.92656420000003,122.2652724,173.75749590000004,698.6708597999999,443.64025710000004,186.16418389999998,700.4091394000001,14.929702,9.7885332,40.8776744,71.6177454,24.1901377,90.7513782,45.412456299999995,15.7590866,182.4558491,80.54904140000001,44.6232919,141.13145369999998,733.3548035,289.9477676,280.67780170000003,87.7581648,295.09410479999997,33.6475326,124.4976474,88.1713829,40.168070799999995,252.7760927,46.2888752,39.5229911,8.3227819,46.260647500000005,72.5805856,2.1899256
,1604.7532435,136.2709891,534.7650334000001,728.3084699000001,444.91955360000003,138.357003,171.9762036,216.7756242,142.49698709999998,313.6763724,307.47813279999997,78.53351789999999,93.8259775,433.7600738,1738.6226041999998,178.30283060000002,184.0096211,251.35060300000004,125.8089006,77.5797524,87.1964764,155.4338718,59.030568900000006,129.1211035,72.2440196,13.1371743,29.980031099999998,15.9296089,138.8685157,47.227381,123.50822099999999,2.6538604,31.590170299999997,65.6349776,95.82716880000001,1075.2029762,1147.4855859,559.8453347,430.8724172,141.8422873,148.0060742,268.9359497,211.8011017,515.4984125999999,860.6954354,569.548336,68.8345878,690.2644827000001,10.5432426,34.8914028,92.2338848,107.38659680000002,0.7615018,22.9488781,20.6124209,13.1073739,143.1275655,48.569059700000004,112.2791347,160.7387213,580.3714634,283.97054970000005,362.9645193,159.31389440000004,141.69852279999998,30.955396699999998,126.06902399999998,99.6972196,35.574252900000005,535.3119908,80.97723890000002,59.6944955,14.468183699999999,27.040900699999998,102.3050586,22.1492832
,1896.3018645,358.17875059999994,631.2583646,1370.3865668,581.7999779,487.9119988,146.93807439999998,307.2887551,236.7945449,398.6261829,330.6053717,182.9076171,184.8186452,455.3558385,1722.8205447999999,104.14799790000001,136.339946,270.8679244,75.3043143,191.64302400000003,119.7601167,146.82759389999998,65.5425786,527.6355266,72.7399662,18.1618729,43.602899,11.6135419,150.249334,24.710095,137.3740708,23.5916596,48.1372907,65.8701406,50.7319702,1098.415424,1765.2653672000001,898.5306098,289.54076639999994,236.7529298,220.95858239999998,213.9797138,289.20265700000004,369.649837,970.0751989,398.5030139,155.98617380000002,416.55654960000004,42.592178,53.931378599999995,48.528202199999996,128.5551839,13.240911500000001,41.0061122,31.721418699999997,12.501780899999998,215.19489620000002,142.2278222,48.692546300000004,496.01493700000003,811.2491315999999,295.9503356,434.59622690000003,104.4619604,181.96420859999998,14.7588476,102.3424376,59.8708046,8.3396601,264.0261974,69.548241,117.80336,36.5309093,96.7530323,114.1285341,6.693252299999999
,1607.2641275,181.16207759999998,636.3983000999999,1033.3938647,445.1668674,351.21211780000004,140.142836,135.5518909,258.3628322,237.82661510000003,332.0210679,261.5564188,70.9263407,329.4380376,1627.5799003,111.79894859999999,146.72716690000001,187.3200677,93.50632029999998,75.7750779,38.6197369,132.52540249999998,51.1415597,335.81089249999997,38.3396452,24.470029,40.806510800000005,1.6785607,136.7662634,160.9030647,112.5960866,36.9431808,12.493479,145.6917987,19.605502899999998,1056.5424856,1286.6955816999998,1024.4463553,433.5690838,269.0490306,178.0330902,238.62676199999999,335.54108279999997,287.4879232,1329.7754061,420.3475784,384.23769150000004,409.7895562,0.0,13.629826999999999,60.3168163,81.8113002,21.9116151,106.79301609999999,71.79967599999999,22.223400299999998,187.7754515,44.3737168,60.8123368,415.8081535,490.0093166,343.4656814,749.0584543,118.1203077,203.8768124,18.073841299999998,96.928028,44.514130699999995,13.458749300000001,497.31129910000004,56.381216599999995,150.0633015,17.813864600000002,35.556697299999996,132.4841075,25.0628679
,1743.7279233,225.8126165,626.7647616,1244.82375,558.8152182,353.9263047,204.7085534,459.8367985,200.302807,362.2341458,178.60977939999998,73.42440859999999,106.34314760000001,365.59726359999996,1465.3163326,111.2655524,138.7308557,314.82804139999996,140.31057810000001,76.494781,59.7072998,124.6525832,75.4205446,182.32645150000002,75.33695370000001,59.0734422,7.981603699999999,5.1337412,119.10230329999999,7.390749,93.6510537,50.323809399999995,44.4115693,50.70476120000001,36.2018615,1236.2703589,1266.8902573,1026.9738937,560.7949193,137.7779569,178.19812929999998,256.9043601,227.51967820000002,222.2876893,936.1270841,463.6320376,288.7929822,484.64600700000005,66.5178023,34.5177071,86.371045,49.5973642,42.742535700000005,32.319631,50.5797867,52.8043365,179.53013090000002,127.8209816,64.3482112,470.1749752999999,685.1214939,341.41905619999994,423.428896,303.28445880000004,229.42047349999999,46.838415999999995,133.4448602,44.0915341,24.606513800000002,443.93711479999996,16.2493512,68.3363569,26.0311304,26.020327100000003,85.6258329,4.2778639
,2014.2280735000002,202.506395,416.2149687,1567.9510346,775.1989953,106.39632019999999,256.0962242,195.2829395,190.8799352,514.2795469,242.324405,180.2994493,238.5158731,652.8635046,1453.5105375,138.2037503,168.48666640000002,243.12173209999997,162.3038435,121.12977129999999,236.0711439,101.7303658,188.4310075,145.2768014,74.2549044,12.8081772,7.3239428,11.249942299999999,242.17273440000002,111.17594659999999,77.9946058,42.8715655,50.8695485,90.4900478,51.3373563,1660.3431712,1523.3798417,1041.8676864,522.5175672,129.9110795,234.492044,71.1608406,133.1373273,411.3271249,1019.2131392,393.1719567999999,48.160843099999994,652.5131753999999,28.167664700000003,38.0349418,75.99392209999999,163.2975806,3.5827285,50.4601954,91.7476364,29.718677,274.8582607,155.27659519999997,140.9767779,509.3680395,982.9819565999999,703.6404899,273.1645035,142.35266389999998,280.3728551,34.149992499999996,86.66510360000001,26.5645781,16.3174438,161.16694560000002,42.2463591,146.9447787,21.0010518,88.40978419999999,167.42595970000002,3.5463042000000002
,1661.3135448,390.92748919999997,563.0049522999999,1347.7860243999999,567.9207343,119.75236100000001,151.0407032,287.36251230000005,134.8425128,179.66116259999998,375.2427262,64.6295564,56.0731909,325.6018894,1670.8516998999999,176.1793571,143.76065649999998,328.6052583,146.5271903,217.0588462,156.42084039999997,149.478595,67.6307639,233.5259322,79.5437435,44.4858483,38.9790539,51.764870099999996,151.1760505,50.667279,87.3355834,88.18623509999999,129.6894228,63.8639933,104.1063811,1404.947543,1403.1266308999998,913.0960241,824.4235801,241.2857511,214.6903576,208.2623726,145.68937849999998,240.565526,299.4115112,203.64081499999998,150.8965776,472.5072260999999,54.51333939999999,49.932690199999996,79.20203000000001,98.4683334,50.6794242,46.294829,37.6986633,38.940575100000004,128.32825250000002,93.0618037,104.0951703,243.71323280000001,810.9926320000001,407.6147476,129.5166032,166.76469300000002,317.39964630000003,46.7706719,255.1288054,56.7319248,40.4830466,80.910538,20.564276800000002,13.1179949,63.8617287,27.2442325,52.2230172,1.1036505
,1670.7195349,285.9230629,615.4981167000001,1139.9812602,937.6734126,196.1139384,215.1598437,238.69859780000002,190.79792600000002,359.8651288,166.3080929,134.01768950000002,84.8437265,265.016705,1484.572306,259.5976434,106.2438735,246.97728190000004,153.8614492,249.2587846,212.16124290000002,229.6559386,134.17602019999998,290.43550799999997,44.4875459,33.1758995,20.9405535,19.9193731,94.41794820000001,44.3122244,173.76840620000002,58.53567149999999,16.013837,31.4015815,23.9717136,856.0244965999999,1142.734072,1003.2705781000001,266.8101422,61.7185192,53.1645613,227.9638519,133.6997829,127.3980947,320.2667785,175.6641308,31.3002344,716.9457376,36.9516761,25.967950599999998,107.8756772,98.02487359999999,32.863528,18.329900600000002,32.6203065,27.8237768,86.6223763,74.2468569,149.37056429999998,116.6401491,722.4201404999999,479.04695489999995,179.6718113,84.6245422,303.7581209,20.694275500000003,108.4272444,66.0323677,22.1225161,157.1362746,39.2842805,0.8897631,1.1352365,9.4726026,19.762224800000002,0.0
2011.0,2763.5660504,897.051626,1358.1050962,3262.1769464999998,3234.4901703999994,243.2989018,306.1765395,348.1804577,267.36892199999994,779.8709672,325.4516685,57.595453799999994,236.1908158,449.3224524,2127.5266277,1124.2504474,557.7469570000001,1343.8759479,679.6186788,524.0436112,457.3332244,231.4132246,211.4445869,760.0628888,109.8199711,223.1306065,50.143719100000006,35.7592954,407.7666074,80.31148420000001,261.0717839,59.4132096,110.378043,164.4851635,98.47175189999999,1245.2373323000002,1685.8185862,1416.7817648999999,173.8649063,74.8267245,58.133565399999995,30.9461922,139.8524195,141.37386850000001,405.4278355999999,290.31596870000004,13.483477,1005.3260211,53.0900048,62.9666533,439.938331,686.8013257,92.80080690000001,35.2037898,210.098053,62.7087803,92.6323343,150.3514769,305.04523420000004,291.7988798,1190.8937141000001,1224.4577814,317.01978010000005,400.838998,535.0369387000001,210.63805949999997,425.9233635,278.3791819,46.1696645,175.7954114,7.98561,0.9790661,0.0,30.006041200000002,58.97551059999999,1.4410838
,1667.7051628000002,278.5166145,588.0752896,1089.8008066,569.209512,147.06441089999998,108.52390249999999,130.6790276,84.79428139999999,199.008684,104.94251179999999,22.7569442,131.4071944,310.8914427,1306.0246730000001,179.9294817,218.2716067,368.9547066999999,103.96789369999999,273.2427669,132.8261295,44.0217523,72.80605609999999,117.2719417,192.48714189999998,21.944218799999998,6.4285005,23.7613724,41.1343341,36.0952408,97.28235910000001,1.9698751,41.2904326,84.7113121,21.151991300000002,1020.4597401000001,982.0624886,761.0196468999999,221.4350134,27.2868938,176.6982468,71.5411361,59.8801256,149.3412374,370.9604304,203.7257163,0.0,537.6824948,4.9936264,14.961796,102.52991300000001,163.3343422,39.6476297,26.346172900000003,40.86355,13.8428709,46.3399715,46.386828300000005,46.2959212,100.78874619999999,608.5833434,373.84680310000005,172.2180128,111.39398879999999,242.4953542,57.8501865,181.23272020000002,117.4632304,47.4346594,37.105559799999995,11.1543213,9.376468299999999,2.9063721,146.3340594,28.014820800000003,2.4743415
,1755.2156423000001,227.1833853,704.4096482,1249.0741525,746.8681856999999,104.7090782,142.8858423,183.7630926,134.27113260000002,277.8910282,209.95009389999998,63.9404423,100.0551564,334.0104559,1725.7708711,107.5432039,181.6868187,363.98097140000004,204.079293,176.9959409,147.1285052,143.6625417,73.05116170000001,201.18415549999997,74.0069068,50.569637900000004,35.0331709,22.7110668,89.0881139,42.003485,130.3919666,62.9578791,42.5983511,98.56244040000001,74.3529593,871.7760305000002,580.9082037000001,469.9670818,134.21263989999997,49.7626719,143.2586829,36.5335569,87.8215984,78.2756445,284.2729075,230.4252742,15.1255371,567.9196273,15.710426799999999,28.8743605,105.4635408,163.94180790000001,23.9679001,37.9311679,36.4345146,4.917509,158.78364489999998,156.9589307,98.91473359999999,92.5209787,654.3134771,505.58697380000007,161.0976325,182.926042,430.4711232,113.9280859,141.54963080000002,105.8838541,48.4619346,283.4362682,14.437204,13.2923721,7.6373603999999995,6.5464731,34.150496600000004,10.9376368
,1768.7807123999999,318.64551539999997,736.3951100999999,1821.259244,1162.2059691999998,161.12008250000002,240.790847,231.283709,165.37683289999998,601.70013,390.06673550000005,69.8040388,227.2631851,439.0783876,1403.1307488,279.9717434,255.53323159999997,512.1260823,211.1274383,282.9891185,292.8665905,146.1012549,103.053068,438.6990765,74.3178826,48.0428189,10.9766125,18.8674982,318.95109999999994,50.7939076,184.1256608,18.3511659,88.5091684,40.3775384,103.43048769999999,1195.6799290999998,2084.1350154,866.1903036,706.7469524,78.0568949,116.7373994,181.2772491,268.48241820000004,255.24196149999997,427.5066561,601.3420993000001,51.1370698,624.1206536,49.2926455,38.415691800000005,206.0102103,151.63226640000002,100.1825498,23.413390800000002,94.0088827,39.0751947,154.0924206,264.9854885,182.2124771,289.5493913,741.5572897,706.4804367,214.1695459,86.8812633,193.1909485,72.1183748,166.6816654,91.6665651,58.300281500000004,126.4286106,18.9749466,51.1062539,7.567208,33.9154409,40.7927881,9.094808500000001
,1769.5517423,210.121959,563.1740639000001,1560.5139991,543.4643397,54.5935148,168.5314752,153.1773564,242.09402060000002,285.83045819999995,278.26858200000004,24.1124814,194.5225221,375.78330700000004,1492.5605862999998,146.5621606,124.47680849999999,279.080448,118.85888179999999,74.1691671,181.93997579999998,163.76862640000002,65.00245890000001,212.13908270000002,184.3263164,17.8979962,15.2248347,18.422814799999998,148.9481764,30.994800700000003,222.47617739999998,60.363142700000004,38.9761145,116.326095,53.7613459,981.7742963,1477.3681433,791.5192311,382.552264,123.2506735,77.5779553,220.1777299,192.09926140000002,317.907711,561.3167683,385.94517079999997,72.12364199999999,638.3932609,31.921887799999997,16.426499800000002,124.49767779999999,191.49352919999998,12.7883181,35.527257,39.3644729,26.173276,167.3671373,95.67626650000001,104.19981970000002,219.7143002,725.329515,376.6024974,245.092827,157.6097096,197.92578129999998,52.4496181,136.2561207,124.4590885,12.966913900000002,196.8562906,44.632908400000005,47.9449779,2.121348,31.5462687,34.6643431,0.8294597
,1551.7001624,185.61265509999998,609.5454222,663.8816899999999,489.87604840000006,109.9542744,216.3036308,195.88412000000002,119.8646703,285.27272519999997,320.27211550000004,121.0007859,143.2543114,347.9326069,1601.1441267999999,204.99881580000002,151.6459653,171.7061651,121.9335601,160.29322789999998,89.4939306,118.52856829999999,76.9730654,184.1921429,88.6718433,9.4718152,18.3876985,19.619059,94.6589326,48.1656857,183.232699,27.4712453,31.9356473,102.87357209999999,68.1570212,716.3651236999999,1284.6917170999998,468.16901750000005,313.3400534,75.0279994,134.70268049999999,145.7437826,89.8039879,140.8986153,593.6561152,446.0238161,218.69507080000002,506.8971651,45.81348,20.5513611,84.232368,119.27877499999998,8.0841001,45.7323398,47.7522407,18.3683234,180.69942659999998,73.8077861,123.36038260000001,274.84306430000004,845.5624909999999,299.99100880000003,353.33800199999996,83.39960510000002,285.47317250000003,97.3573513,83.7986764,92.5096035,18.291466,161.8964452,44.63373309999999,25.5116103,10.9293648,34.3215238,106.3418282,4.7867598
,2233.9927094,231.47052520000003,448.47075780000006,1371.7050224,746.7794334,1241.3541397000001,194.4269408,223.2896028,200.7606117,435.00434299999995,263.4858173,123.6452867,155.83421040000002,524.8177038,2187.6950108,138.755944,178.5774688,296.2317025,81.971718,116.5856655,94.0771772,105.9136034,47.8543166,498.3192744,70.2496846,44.1512372,18.748474,23.796313899999998,147.1401083,18.6509864,188.7277534,19.467203599999998,45.8274964,89.41263330000001,24.9653611,1165.0618276,1474.5770919,961.5504086000001,359.4045031,250.64344229999998,334.09278600000005,262.0819667,225.4347661,574.1974233999999,1568.4083691999997,730.8528247999999,311.6019739,618.4976153,26.360613100000002,23.746202200000003,99.6347266,150.73923660000003,5.3799183,45.1927259,75.5301795,24.9787116,447.8166871000001,88.19485730000001,63.9462976,240.70848990000002,882.1843575999999,366.5260728,443.2550302,235.8599024,211.7874755,37.971239399999995,198.2045297,71.73037690000001,2.022726,398.8702141,93.1442755,190.5610353,80.9669141,61.6451547,197.32574749999998,11.5214208
,1822.7397747999999,194.00639479999998,426.01073829999996,917.1562050000001,533.0419292,341.5431619,107.4080296,324.9627231,95.0924941,347.3783986,336.8286147,94.2271518,84.0477746,729.2454381,1305.9150553,123.98307009999999,68.3193472,164.4472943,89.9064474,167.5816169,71.9103162,134.36428410000002,62.65015079999999,468.62355350000007,67.6202732,7.5608796,5.7910245,26.0399653,186.9634376,36.6346393,354.9469623,14.167928100000001,33.7400089,184.3382604,41.4206927,911.4984872,1551.8876053,806.4652552999999,726.2216645,133.3328601,295.2439157,250.595288,369.9962584,652.4575863,732.5814338,456.4867402,217.1989203,538.0729334,12.363982,18.513872,93.61071530000001,82.7767745,12.385993200000001,14.1998584,49.459940100000004,14.483751700000001,167.7057154,320.7233484,62.4813525,329.3205523000001,656.7453883000001,366.9708083,702.3026697,208.52877619999998,130.5775799,43.708277,95.0707849,78.16212069999999,7.6664145999999995,687.1686757,89.1863884,121.7856244,51.314494100000005,22.8462559,37.0237252,6.0619573
,1512.1748845,161.3282497,588.5354492,1194.5643947,674.6457879999999,168.5071087,116.35738520000001,169.030287,122.13464230000001,343.30798239999996,267.3368239,164.2813184,81.0245954,343.4295851,1464.2016626999998,103.07215629999999,128.9621903,235.62563780000002,84.00587879999999,144.7607816,142.7350495,99.4693494,89.3853508,366.2721599,64.0481165,13.2447022,3.2809609,12.5905381,101.7815919,25.467039200000002,184.08279240000002,9.4838442,39.271885,54.1534718,85.8221135,873.2269112,1301.1216803,969.9163003,370.3461027,72.960283,224.96016089999998,249.7200014,260.2823166,325.4071559,740.1376569,474.3395353,313.0946412,406.3977621,14.7467976,32.3755526,83.0363785,75.4246861,13.1965746,22.1927648,71.783726,31.1428852,74.0726554,65.454846,127.7348399,337.1678768,706.2991495000001,265.1038613,324.29057939999996,225.06685059999998,281.66339550000004,56.2006924,114.982261,41.226047699999995,7.4932758999999995,159.5727169,97.1724208,26.351348299999998,0.0,33.9773845,80.16809040000001,8.314251599999999
,1704.6436275,281.9445151,581.2372862,1321.8389815000003,647.1181617,130.3816972,170.74452559999997,235.52183100000002,169.8877289,474.6079284,275.30422930000003,121.065822,119.2448878,449.9278403,1334.5949311000002,200.422114,190.2777678,337.5196379,92.5250969,173.1176898,78.47649990000001,134.6610445,31.1357991,192.5000645,70.0293667,2.6411235,36.6268752,22.5852276,169.0743197,21.7413893,112.8351512,72.224363,52.764131400000004,103.0744166,53.3368996,1393.1620358,1205.3252738,1287.8050662,732.2223756999999,123.8195279,265.7080668,219.12011259999997,435.78839559999994,177.4461799,889.4453807,210.9218446,134.2059038,630.5112126,20.8039156,38.0889503,130.9404193,115.0962201,21.5293245,45.6883121,73.568607,27.1321993,242.31103430000002,225.66527699999997,104.6020197,401.0879844,1173.0307414,677.7726229,326.708306,252.6862038,351.208545,34.743025499999995,163.3418889,50.945473500000006,15.0131841,236.0542378,39.2830791,37.033211800000004,6.089416,71.1290116,22.3357392,7.9657133
,1727.4354544,143.7941173,562.613219,1309.5755124,576.4854991999999,114.76548919999999,312.2459599,175.579334,137.9897011,388.3109326,321.9600656,29.726614500000004,119.6298058,347.06625379999997,1705.2738462,218.25459320000002,257.7888541,264.610122,160.7080799,164.52622010000002,137.1731354,172.69701550000002,95.94152449999999,299.485264,76.66649340000001,72.2926068,6.8835095,18.196296500000003,105.0433561,50.5009332,194.81469859999999,60.1912199,21.1228738,106.1564252,88.8733677,1606.8076222000002,871.3867543000001,870.0379641,174.5954149,96.8382515,122.6959121,102.566844,205.3421301,176.8295908,525.4564897,396.1775592,7.528480500000001,618.6233777,31.4117387,59.858892600000004,118.05294549999999,115.7030352,21.2476632,43.1293526,35.8727544,28.034686299999997,156.3779305,68.2937255,93.01183139999999,61.7422685,940.8694919999999,417.77741860000003,248.7600868,164.6082577,499.2324576,42.6783461,195.8438027,56.421517800000004,19.824282399999998,158.2923728,35.2888125,35.5255901,5.0820995,11.565691000000001,25.0106524,3.2411649
,1629.9678546,435.52441819999996,871.1493857999999,1429.4314566,764.5902598,149.9474593,216.4403827,114.2613276,215.3702406,561.11049,207.3919966,62.51973219999999,62.360811,351.6875279,1423.4399290000001,383.5497184,140.45102390000002,390.9648004,124.7085328,282.0259922,261.4365605,170.7783644,92.4773652,158.26175070000002,161.91393209999998,44.552693,14.0301804,30.032166399999998,139.09212920000002,79.1150267,187.8601465,27.230640599999997,26.4179214,61.6122418,50.208238699999995,1191.4480116999998,1075.7874169000002,810.1083065999999,295.6187787,230.8565052,219.6081021,169.3740451,94.3397648,291.493237,376.1831912,313.5888371,103.7660505,469.95161989999997,12.0630172,22.3089735,103.4651211,96.8350071,25.625858899999997,13.9638393,69.8390646,35.642674,72.8536631,41.0109677,152.7719865,104.5084682,781.2111131,426.4970768,246.668957,116.22268779999999,368.7021413,11.8284851,134.87986149999998,41.533234,36.1315241,289.1981466,18.5194733,20.546757500000002,0.3074308,26.8456761,21.836769099999998,16.583481799999998
2012.0,3003.8186941000004,836.0268640999999,1236.0925508999999,3787.865557,3171.9789078,313.8834936,240.02568280000003,262.7815109,172.2778967,542.362474,615.1529496999999,76.6516252,282.67373549999996,405.04285890000006,2022.8764802,1349.0016141,797.9367702999999,1587.7759607,385.8763457,584.7055901,731.8662793000001,648.6698378000001,144.4763332,727.2042111,125.2345919,159.66422269999998,63.032855299999994,66.3068679,315.4557694,79.7319772,226.4132128,119.4344309,39.1368332,224.05828729999996,61.7852862,1868.5767438999999,2153.8692011,1671.7913549,418.81582139999995,124.4499009,248.7643721,202.68012190000002,230.69685220000002,530.4138505,614.9733749999999,527.4997496,174.54911620000001,962.9024539000001,71.361615,9.758158,408.51266189999996,523.936538,57.2626334,105.5532998,121.7830889,14.4767349,242.0105957,285.2821902,273.7856417,231.03412360000002,1279.3265611000002,1193.4433233,168.2295931,275.7118127,540.5759373,248.3816323,325.649388,347.2483847,29.6368225,289.7778885,14.3437603,20.4468279,8.9899653,15.4729472,109.69164149999999,6.9219104
,1296.6287911999998,261.3264724,461.5803971,910.2413146,599.1467257,85.6749828,187.9344228,165.71026750000001,114.15841089999999,350.5809714,164.7016223,18.0184873,84.9898076,329.3318057,1143.4016148,187.03382449999998,314.6355793,323.5038298,105.04618049999999,130.9751288,140.4111601,149.2582662,43.25471159999999,115.90378950000002,83.3764889,5.2062305,31.7644096,0.0,92.0760921,38.843531999999996,86.5254564,40.4019881,31.345619799999998,101.603222,67.68743549999999,730.2935605,1290.1593972,634.6810845000001,287.4345932,100.5090052,93.5669519,202.02590179999999,29.625367400000002,96.7685031,246.64165499999996,449.39603109999996,17.6037409,478.6654223,37.4750322,14.016758200000002,104.2760302,175.2886222,5.0778315,22.418602500000002,20.1518071,27.4039611,331.8881125,100.18220360000001,107.2209574,288.65123800000003,569.6105081999999,526.0772273,168.17399360000002,135.0818734,583.5207822,95.3758426,183.8347046,132.7758676,55.3511138,70.4062062,5.117930100000001,32.5440645,0.5395674,6.541063,33.5268947,25.090980000000002
,2361.838736,202.9796294,750.3040843000001,1039.7652828,775.9466654,81.04189170000001,193.8303026,195.4904695,50.8948212,347.79762800000003,181.3815808,31.3738351,132.88676569999998,362.0997191,1582.6010802,338.4123856,154.9024519,375.4799638,167.8507448,156.6993936,177.697178,174.0805548,84.3115766,163.3039848,55.273963099999996,40.068176699999995,49.2199215,10.0619746,124.832871,41.3344882,188.94341730000002,37.9269798,88.36113989999998,120.46269029999999,39.8427017,939.6880311,1058.3029626,580.8178862999999,333.1971412,110.0885581,126.7819234,79.1365961,134.00502749999998,690.8779944,568.5336822,541.9460465,38.3515984,519.9742114,44.490778899999995,16.814836800000002,92.14375509999999,142.88515710000001,49.0145884,76.95005590000001,52.86338369999999,18.8552266,73.0462543,82.12001360000001,174.88042240000001,364.3289873,1149.1967433,513.0633167,194.9434807,118.1142276,471.6249538,68.80349059999999,138.5752622,90.7840613,25.0007897,213.2335908,14.864116,21.4519545,10.6039371,6.4405136,107.305751,7.3471911
,1682.0432153,201.87898479999998,816.6702587999999,1460.4837291,1008.0157427,219.61963559999998,293.0560062,265.7251487,183.79165139999998,744.4433795,396.7504019,122.02871240000002,263.0190533,401.457395,1697.1731842999998,287.1124675,156.40417589999998,367.2859698,317.6430207,250.5841542,180.58368489999998,174.5863685,154.7899488,304.7654535,100.45303529999998,59.5522891,26.4577279,51.0649408,127.4725787,58.4209146,308.50837999999993,55.618841,64.0562319,101.3663402,175.99648639999998,1353.0898140999998,1412.8909161,918.6924397999999,642.2655986999999,188.358246,326.3144985,242.65226909999998,118.01761250000001,120.58056719999999,383.6185639,625.6407643,241.5598331,640.1995734999999,54.3579759,28.587252499999998,241.5900989,225.37442749999997,55.1563414,50.5754619,102.30632170000001,43.5750386,208.5087612,132.11075060000002,183.85150409999997,343.33039469999994,802.3695670999999,647.6103353000001,496.8445999,259.2320393,311.11673170000006,81.5583919,158.7526407,191.4485373,26.3056108,147.3856022,40.8598048,64.7818337,62.6607949,4.9506576,41.826343900000005,8.6365222
,1542.9804986000001,240.3952279,412.528743,1054.5603399000001,523.6742262,77.5520307,166.293943,226.9311874,159.4697114,342.1855542,250.8214344,47.682590700000006,141.6877628,340.48910620000004,1785.3154685000002,171.76398559999998,119.59330510000001,317.5365011,85.4565179,55.234179499999996,43.940468,110.4078762,127.6352576,293.3994286,64.2923602,40.145003200000005,13.5033066,7.9481954,83.1563889,32.1180818,119.4945755,25.652306,39.0488815,88.6494414,42.809127000000004,718.6496383,873.6515546999999,571.9202514000001,219.7365672,98.92575020000001,140.841928,192.7540301,194.3153855,358.608199,431.39064,240.1857468,162.6674947,464.4096143,52.98578270000001,16.6129477,101.0725313,75.40096019999999,30.809078,31.310601600000002,46.1495735,26.1739003,98.8111609,88.2045565,54.5496866,296.34055920000003,605.194211,368.09996590000003,222.84837539999998,140.3465089,378.81816690000005,64.97617699999999,110.8119194,23.2722367,21.7713272,158.7116284,28.431900000000002,40.6741026,0.5962373,3.7492815,120.0582634,4.7281546
,1458.0688779,159.3318679,447.8728076,949.7310745999999,647.8344134,117.6515373,214.74172900000002,149.3409483,196.1832443,436.1144841,359.7938644,44.916013899999996,136.2311969,439.01618569999994,1335.2982524000001,192.56430849999998,111.26635420000001,174.9583067,66.7224078,189.3235228,119.2816678,101.5290211,66.914842,228.5409079,47.4317978,17.996730200000002,3.6686993,5.4923119,177.296019,27.8650083,123.32212480000001,92.9393189,63.1384023,90.7432491,43.6339212,895.9482329,947.7662881,525.708104,479.8139304,159.14943549999998,137.9338445,489.51675850000004,164.7583774,259.15828120000003,628.2983201,690.9459376,135.04274,401.37950679999994,42.0398516,49.835919600000004,46.4752009,135.7675959,3.4234929,18.1473264,82.6537011,18.5908913,126.6639577,66.7761677,59.706956999999996,207.28543180000003,735.0502584,279.5094248,686.3562994,175.3283778,227.3155849,26.3941856,92.61434419999999,138.4125252,29.6619408,235.3855854,57.624594599999995,46.9309226,7.8932955,38.2994324,86.8311573,54.2207444
,2029.1872912000001,227.4935078,656.6645169,1313.3711031,648.0835521,383.4815009,145.21657180000003,159.6929711,160.69681020000002,332.42204139999996,395.2663459,108.6325844,186.9793914,460.2252643,1927.2257316000002,222.12994750000001,169.7930857,246.97967369999998,118.5725505,164.1518671,892.8643999,183.4342934,64.8643481,403.5548737,58.5317625,28.9982915,33.2152024,13.8694787,226.48449910000002,36.5417735,110.4811869,56.9600357,23.724465,150.210993,76.4224537,1384.1280522999998,1354.4411724999998,789.8802573,503.70695709999995,86.20596660000001,97.8344532,133.4339197,298.7022568,358.6578915,803.7506257,641.2083752,450.864764,602.3158494,75.9822157,12.1584439,50.9297098,48.448762200000004,12.772464000000001,25.797080400000002,47.0180078,53.0940359,178.7320494,110.80664259999999,78.8383102,366.6114376,933.3907428000001,362.07333099999994,700.8410276,286.0448593,272.70926039999995,17.4026681,109.171857,38.8616443,5.0647887,410.4644278,158.8210538,78.73857220000001,26.8493725,82.51504109999999,163.5486825,7.7193898
,1360.9450742000001,286.6530292,531.1447235,1248.2668434,402.32366559999997,443.3589817,103.58216809999999,147.95396929999998,95.1127231,302.47108249999997,324.61451950000003,117.0743854,74.66233369999999,420.98892390000003,1546.0698304,99.39907890000002,102.92903510000001,129.1533459,62.4707979,79.6308288,127.1412026,96.15998640000001,78.623863,353.0885855,122.05895999999998,11.3843188,19.4718304,7.4637928,159.2729101,32.394347,51.4276737,27.0884905,31.249297100000003,48.49407599999999,49.7571705,1225.3575354000002,1217.1569135000002,958.1354732,714.4006629,239.80800739999998,126.1487154,95.3165993,178.7310889,496.4764328,848.1597694,369.7061034,220.438815,503.6905045,19.3057596,3.7059444,131.3912578,60.6524254,9.5205521,23.3114,79.5312436,17.7289546,143.3881233,110.82412550000001,45.6728178,279.0785509,679.5694301000001,284.9896993,558.8936324,223.50238530000001,228.08451929999998,15.107624199999998,165.61552780000002,28.8233942,1.8424791,491.3829773,140.45928980000002,136.83760089999998,39.1274109,211.442425,47.507480199999996,5.8682034
,1964.6832582999998,173.12291580000002,560.7393193,1279.0387031999999,386.91241149999996,374.70398109999996,204.26389779999997,139.944376,120.49732509999998,337.9620743,257.3584671,113.9650737,173.3535649,759.2635643,1527.4579704,147.0052371,147.23810009999997,206.0805526,80.8489778,131.35491150000001,85.5095609,118.7698612,50.611868699999995,209.9601325,60.0711071,46.415502399999994,6.4074162,41.5331831,133.6876157,38.5236516,75.6662377,34.2422689,46.8333546,92.7429114,57.6365909,979.7149864,1244.7780169,960.7437019,561.6376201,371.26428619999996,254.32886549999998,108.6104799,173.6575378,391.6932191,725.4404473,340.21651569999995,311.6036472,672.2879662,8.9285245,34.881796099999995,26.761896699999998,101.29495599999998,18.7471393,18.1394812,29.7869431,19.1904089,176.395721,75.2873822,105.794808,301.7743747,721.3310414,168.6979054,207.8559817,219.30327870000002,335.71050460000004,36.4317988,139.9899225,50.5507433,5.0739559,128.7145511,34.4845409,43.9614182,10.4906208,43.1707265,63.5463388,45.609048699999995
,1934.5150788,468.71337520000003,621.9087062,1552.4043642999998,719.6126504,96.3767047,188.513898,172.2954897,179.7576387,528.8534414,416.3754875,93.4631826,92.1259498,726.9223905,2177.1428186000003,156.6175339,56.6822937,288.5730584,211.43681189999998,143.4231007,143.98770689999998,114.70137,51.019010300000005,201.91325849999998,60.21002060000001,61.160726999999994,10.0556925,49.560154499999996,272.5397107,56.55984540000001,151.64817419999997,44.7214379,56.374178400000005,99.3948631,108.41275949999999,1347.6915573,1363.4714040999997,1248.2270157,301.2603177,153.5850864,215.4964709,267.56406319999996,230.7662522,308.4033156,1106.6021309999999,517.3330176000001,128.44433410000002,734.3287556,101.8456421,38.610815099999996,88.9887993,115.97371670000001,50.8139549,31.4345224,55.051639800000004,36.6674996,385.539584,102.3614119,140.38589840000003,362.4360381,1003.7924158,600.0781913,345.9781071,287.25788360000007,482.4648263,63.779041799999995,124.0574921,149.56696,23.051400100000002,193.57964750000002,35.3015306,162.84739330000002,17.951881699999998,37.7642401,52.7623958,6.2895339
,1606.1844764000002,193.8448693,754.9829821999999,1526.9831162,762.1735380999999,260.2804534,241.73107869999998,291.6243815,118.8573998,595.5538626,467.6376687,64.8336182,96.8489911,426.14767830000005,1696.8748885,248.65601839999997,137.39732039999998,431.44051729999995,219.9997036,183.10790680000002,144.59013720000002,191.7647622,125.5720797,514.7339377,61.6618799,83.8593535,77.3523059,9.796087400000001,294.68332670000007,253.8021037,168.06193860000002,83.11237940000001,43.2460877,112.9307707,106.3702967,1150.8374857,1215.6120322,855.7311483999999,155.6411275,162.6628185,162.4883423,232.2304411,154.765063,317.95615960000003,421.03810739999994,275.10896699999995,143.16100559999998,708.2675907,50.759493400000004,7.744638800000001,117.9301172,86.5825906,55.85889,99.5096257,59.6306962,9.302937199999999,60.1534387,161.3928202,124.41501029999999,128.9374459,863.164582,587.4219051999999,344.7166997,124.4081515,302.8780202,67.50026580000001,146.8773628,46.3924436,54.0652646,131.1530442,11.4160015,56.0011582,4.1654317,6.2606425,47.329167,9.9043962
,1521.5554457,286.0101564,876.8989745,1413.330941,791.4446701999999,97.98119249999999,272.924792,274.1374986,183.3499331,382.9625456,246.5490207,47.996132200000005,128.0094917,607.2706678000001,1800.8047496,197.95056939999998,270.22650120000003,246.7440882,123.4849274,177.3407056,164.55209530000002,118.288293,69.83002929999999,169.7641826,103.36594290000001,33.6559839,52.0843117,48.138752800000006,112.29133369999998,95.94204300000001,150.5827385,21.243992300000002,16.0105015,96.73936309999999,24.181245,1378.3355894000001,961.3063535,1232.0039363,381.6911884,182.77386239999998,179.56944479999999,252.5219042,237.5392159,172.35658060000003,260.9458859,338.5504586,53.7884404,429.33928050000003,30.481281600000003,11.3572682,71.26128770000001,133.0119508,69.95218729999999,28.406433,31.897269,6.5620397,117.7025333,86.2365564,177.49373799999998,128.37456110000002,792.5640257,625.3474367,707.6677093,178.0066663,240.33453539999996,28.5871243,123.6726621,46.030986999999996,37.2785552,112.26295089999999,4.2494281,238.4429596,10.012366199999999,6.2078266,64.3224123,1.3933901
2013.0,2379.9636701,699.6619504,977.6368348,3470.0794826,3556.2035162,296.45111520000006,530.5263234,392.43554290000003,164.3495269,458.1348107,514.2383425,106.43938429999999,253.9235269,618.4635358,2475.9636101000006,1286.3182036,637.9047099000001,1241.8412297,681.2013974,612.3336534,577.0722688999999,160.37595309999998,171.163933,522.0133569,248.4789303,132.937794,48.3897681,6.528912,358.7082896,56.1244425,251.0465227,28.7272488,30.4732589,196.74068770000002,129.67668790000002,2456.9618703,2675.6749313999994,1696.4364138,808.7974633,249.66891329999999,312.316238,140.8844621,106.5340242,249.5730448,884.5875012,613.2537538,13.978538400000001,1074.15238,24.2802315,56.696795900000005,179.269123,661.2616857,8.3026183,267.1609812,126.7999016,40.3662425,146.6846346,88.4827456,394.8838727,412.41365410000003,1452.3251705,1404.2816556,221.70337130000001,242.2033416,725.9579987,247.30072159999997,537.6421269,281.28329279999997,54.550750699999995,196.8142139,9.3462781,8.660694,4.585410700000001,8.3855579,26.3964761,0.0
,1382.3896043,178.5737454,519.4636231000001,1268.3244814,738.1234694,61.8932329,291.6412144,203.4599879,367.2640886,816.0917864,308.1312109,3.4895867,115.5983791,482.1348992,1053.4724580999998,442.9953693,228.3243916,379.1506869000001,183.8049888,166.27215490000003,85.3763918,179.8615919,112.0283963,98.08161899999999,75.0349531,35.715653,25.2338511,12.808305500000001,69.9281224,14.0550877,43.4096684,20.4041298,51.6593793,38.0441291,54.2534765,962.8144884000001,1112.3470822,533.5087719,560.5280142,78.34025869999999,27.374615,225.2504093,91.04056270000001,179.0624746,273.6834754,348.9349678,199.57216119999998,395.0749431,23.779172000000003,21.0155289,132.3300771,129.23813289999998,5.8103993,37.3099402,17.9699309,22.0591586,46.615872100000004,48.7172639,123.7154252,137.9101087,588.4932669,467.76899139999995,181.4150535,86.36068019999999,411.59412240000006,82.3300974,111.0513139,158.40705210000002,52.824321000000005,121.20344419999999,1.2809629,0.4357243,9.7862615,4.2387591,8.0447946,4.4611621
,1681.5278385000001,650.7920692,543.1645164,946.4106528000001,728.3127397000001,115.2521995,167.76809880000002,93.908965,216.17402099999998,313.1839243,217.2165941,58.8911027,229.0879329,428.787443,1682.6350841,315.4981309,223.4419718,506.87571160000005,328.70134220000006,232.8428974,190.0062002,165.86527260000003,72.6523627,200.2156558,66.2376949,34.3879028,2.7212513,39.712203099999996,103.9975031,60.467916200000005,153.4267246,38.8572872,26.9746654,129.6212903,49.2004765,786.4259168999998,1223.6446139,679.5437769,193.2572289,70.2145492,66.1180292,131.6430934,70.61937280000001,342.9013834,347.20945,444.5791487,180.06826959999998,548.319598,21.5908285,109.39478220000001,86.00293439999999,126.4353295,32.7917116,48.1527522,67.3748638,165.8518987,54.578324699999996,70.8875435,140.1743411,173.9490573,1364.782751,571.92394,305.3033037,243.2535382,412.8771188,85.03165160000002,117.38093620000001,139.0192231,26.0584397,102.789643,53.0679088,2.6256398,7.6347992,19.6509861,26.1945213,39.7021223
,1643.5773589,517.4895082,865.4244837999998,1555.4607136000002,1210.3587899,189.6593529,161.34569290000002,301.59832780000005,451.65646150000003,784.4251694,296.4955944,145.76510159999998,219.957483,380.19333389999997,2111.3471339,257.9207611,266.69709470000004,390.2934427,187.3905986,227.61620820000002,183.5942219,203.54461820000003,110.016617,356.1834116,104.7120411,58.0954098,11.789004600000002,26.786406500000002,188.590252,47.123478000000006,180.7126174,62.2130948,70.8401451,126.2729702,113.7109656,1443.9493814999998,881.6706355,706.9625548,426.196912,229.8671535,258.7543211,254.8204068,249.7298593,257.7140722,731.2873081,517.4729425,169.7674318,572.0195248,87.5315124,45.625836,161.0554051,188.4515957,71.4969732,77.0089586,85.7651346,21.251329,255.8406462,254.9410926,212.19183700000002,340.66575479999995,976.2576593,639.0545131,545.9755339,451.12093890000006,439.08824869999995,94.02624060000001,151.5163141,109.2574295,46.282781,201.25538849999998,13.7530338,72.5294868,78.0429608,24.7663725,42.0703234,7.0676439
,1816.1274581,168.0280735,541.3419947,1038.0158311,555.1569319,70.0401294,111.49949729999999,249.6032004,145.96419609999998,314.460926,240.06286459999998,83.0192155,105.2060015,401.35162760000003,1489.7632275999997,110.7993183,73.0901174,328.2526355,155.89167,183.4704146,222.21596789999998,168.269741,81.1859551,272.476406,86.56560990000001,33.106204399999996,3.8013428,5.2744304,158.3662473,53.6514926,105.4659547,10.5053757,51.8895672,45.539382599999996,72.9462861,744.7307492,1137.3176683000002,666.8258064,289.0080069,65.1540917,142.1565301,248.3344285,158.3240811,331.52942709999996,556.9186648000001,552.2052076,127.26581630000001,456.7245632,62.993176,33.9561377,124.88050289999998,122.2219724,78.9408129,20.0933544,71.5840816,15.7915052,124.0964239,103.58929140000001,87.3929413,278.2518243,883.2218435999999,550.8296568000001,321.251392,267.3486736,308.4205206,22.6193914,110.0071068,92.90501610000001,29.3184954,152.601078,33.534173800000005,91.3600693,15.9425809,61.0546866,41.1090018,71.725998
,1399.6084493,250.61099049999999,395.626849,835.5933789,544.1335329,153.1574411,126.8939318,117.3443792,131.7314642,325.6164778,194.702534,59.145303500000004,138.2360837,494.45576229999995,1198.9637369,171.4410102,145.913642,267.9749475,77.5023039,204.3372193,132.2789241,90.39823860000001,61.6821282,254.2084395,50.690293100000005,57.7246811,4.7094316,51.752791200000004,141.4541986,35.8348895,147.5418389,21.632324699999998,34.763059399999996,75.5069644,75.5518715,873.7258064999999,859.2041691,560.5085548,242.35957249999998,111.00036460000001,94.6868616,248.24525450000002,167.3926107,268.31716289999997,604.076249,764.158581,91.1054068,474.4399934,34.798187299999995,20.3378976,108.98801359999999,75.6547487,25.8748196,20.9082134,61.3643051,20.2794816,125.14345410000001,61.10269079999999,85.8208764,186.07775130000002,1281.2107263,335.5307137,234.26149329999998,239.92501519999996,261.4784792,25.0055925,96.0598351,87.7159225,7.527858800000001,230.99021059999998,25.1663256,42.376697300000004,8.2012699,50.652912400000005,59.022756300000005,5.8246481
,2191.0771501,220.0803966,595.2431297,1234.8533853999998,759.1712706000001,594.0350163,277.39617669999996,110.90194779999999,230.46627529999998,309.0081741,279.9172826,137.97878830000002,199.75049030000002,459.5403219,1953.8197814,107.87638570000001,98.96898209999999,340.9664522,74.70768569999998,187.0113203,65.47304670000001,107.5628818,56.645782200000006,187.5862482,82.96790490000001,15.1408633,12.041058699999999,1.903159,153.39930669999998,48.0565724,190.8046047,14.0331961,44.9662473,67.40292919999999,56.1405417,1235.6391775000002,1531.6866108000002,664.6704547999999,317.3086151,185.0972136,197.4117649,249.1407008,243.30813470000004,583.9799912,1010.9772784,498.7707537,150.0649516,521.8674008,25.5023056,19.925543,69.64003960000001,146.6464018,2.5289839,18.1467944,61.6984115,29.738721899999998,167.6859372,51.94493730000001,125.57444629999999,508.41967439999996,979.788382,522.6981708,579.2611585000001,222.7696764,183.59440510000002,46.50706339999999,63.8064275,119.9754423,11.7146932,304.0250535,52.197853300000006,33.7031211,20.994807899999998,27.2685315,80.1575973,27.5749316
,1682.2800528999999,178.1534935,530.9971365,980.0647622999999,702.8755247,331.5959515,115.1313473,130.2811374,111.02102190000002,246.7539345,213.62044290000003,73.9351427,169.8774638,364.9464379,1396.7453699000002,190.7603464,136.5331623,145.7548762,108.5476555,91.7369304,41.3133194,88.72754259999999,78.3446284,243.1485014,108.842149,10.4974693,9.698170300000001,13.326442700000001,106.4660049,26.5804265,99.56583499999999,13.236506,21.2511705,68.9824687,76.96163709999999,895.2847671999999,1072.1206676,899.1689393,373.989074,176.32940509999997,186.03190479999998,257.25813089999997,172.4527728,522.2098856,1196.3228019,489.850479,98.98473680000001,380.8708307,11.3650226,33.2258482,45.8036182,84.4577073,33.1681227,26.843285499999997,24.638115,21.212467,112.0160247,96.0221741,87.1219251,366.1057697,928.7530355,380.494655,531.4076835,126.0976845,222.5825151,29.282101599999997,90.5299462,52.8332758,7.8870097,326.93650660000003,29.030578300000002,65.8175886,40.9945485,27.9811798,52.3083355,13.6083824
,1828.2726496999999,212.8101738,512.887298,1311.6939331,554.6391522,245.16143449999998,189.3078863,139.0457051,152.59295550000002,376.4577765,286.6305662,238.3854835,111.1117346,386.2597916,1330.7743564,233.5992116,124.6209973,272.91315529999997,142.5784659,120.2487175,179.17024980000002,279.8111103,89.0543447,326.701277,80.4920667,13.556725,23.6064622,20.4541115,122.64995590000001,31.9364251,106.13598239999999,54.1100691,49.5740462,30.245914000000003,65.1099266,1118.4346240999998,1213.9598548,835.1819111000001,211.23624180000002,128.3404095,132.22883240000002,97.0138008,189.0815714,452.7876466,752.1287655,643.3606315000001,184.47969,572.8405604,47.4544175,18.4352268,49.609259800000004,89.3184309,42.9332768,28.151495,38.201865299999994,39.82603460000001,107.6419174,104.07041740000001,85.28024899999998,332.83380120000004,791.4081097999999,462.20964820000006,641.7095731999999,266.03224240000003,127.32071620000002,51.164912900000004,63.643669700000004,67.2345567,9.5520488,205.88711999999998,45.50498,37.124059700000004,4.5605267,55.5420606,87.49319369999999,34.0723276
,2456.4943012,292.5026085,634.6658035,1609.4804605000002,1050.7021746000003,105.2258141,190.6460384,269.06494269999996,159.57060099999998,589.574098,300.87654879999997,181.65546589999997,182.4872056,521.2769755999999,1843.6837991,263.0150224,247.11102920000002,389.0038317,116.2264859,95.5499429,126.2357473,152.1578329,64.4970436,299.27912630000003,134.3099679,25.847444,13.5635323,116.004745,105.33908450000001,86.81809319999999,175.7905159,43.443298,79.6215947,193.3941204,94.73791789999999,1451.6899669999998,1302.7173710000002,1301.7372039,486.86611369999997,101.9125702,214.2835376,281.6459801,260.1684182,219.74299620000002,1161.9608678000002,418.4119259,335.5659298,691.3003797,53.924530700000005,20.972327399999998,116.4185198,145.04664660000003,36.7152169,49.2659324,115.9742085,16.9787588,94.1795191,273.9391521,176.64688619999998,249.68932460000002,992.6503995,535.81681,1063.5409741,218.98898909999997,325.9294579,64.75224809999999,113.4142881,54.1255678,27.8130807,183.8834345,51.8139372,51.4308875,11.1752977,41.5992129,90.8570324,7.5424211
,1896.9183593,219.7886419,605.5591029,1447.3371035999999,770.7983390000002,66.6884546,217.3039456,255.2455043,160.40438149999997,269.2258638,273.92832219999997,18.1288665,75.7027228,448.71767819999997,1605.5239457,347.1955424,166.5264802,309.0382303,152.54999619999998,204.2701052,209.6525913,211.20873799999998,74.4884818,224.4041403,74.74131100000001,24.1790326,58.953134399999996,20.242793799999998,121.677987,90.70107680000001,124.1961633,63.1357539,30.339397799999997,71.52427999999999,76.8434464,1108.7904786000001,1508.9673079,796.8214812,549.2874189,121.3681592,105.4025612,104.9045411,185.2096037,172.4591094,517.2492615,253.12040389999999,2.2687787,670.7635313000001,43.6862805,86.4189237,98.67577599999998,117.91582559999999,20.008854,37.3180472,126.1142937,23.519249199999997,87.0939161,95.57703790000001,78.70959189999999,139.7221772,787.5316081000001,469.856328,59.167141199999996,104.8812818,198.99806429999998,67.47272629999999,125.1099214,147.4976786,32.9886978,90.313424,51.8529365,140.7384993,5.418571099999999,21.431078399999997,9.179314000000002,17.0736882
,1827.8556305,389.179122,452.68353289999993,1751.7235225,924.5775617999999,280.3116139,208.9925624,227.622506,146.3780284,192.46957460000002,269.6025683,40.0727583,111.5254709,440.96227239999996,1450.5678207,316.2570432,237.902903,801.5335779,182.60811320000002,320.7052219,242.3572145,83.5727879,47.9441482,220.2063779,159.234535,22.2505754,40.753667,15.9085109,232.7501373,205.908087,83.3882022,38.0664659,101.1612039,106.24197319999999,46.92161610000001,1088.4197821,1358.5001981,669.0330835,368.58061580000003,183.593798,128.8569146,113.95741530000001,91.23717590000001,309.99900360000004,176.7968353,434.85775020000005,169.8376766,1694.5674188,32.4135441,2.2875978,104.2737109,129.0546095,23.4101689,71.5121441,43.498120799999995,7.3375923,72.0614877,132.0457043,78.80183199999999,104.1430982,908.3740514,411.6851873,278.0456036,100.31197739999999,253.7280457,45.3778596,55.8197082,48.8382681,12.3622868,84.8805402,7.8126031,14.0426345,3.4613148,0.0,26.288388400000002,19.932496500000003
2014.0,3111.6038831000005,934.3056138999999,1437.4750767000003,3657.2531684,2775.61909,252.1448665,288.9465912,387.1951498,276.151454,535.0289619,596.0550524,39.0565677,136.6355819,518.2354898,2601.6358613999996,1341.9502935,736.948321,1729.0912035000001,577.8634036999999,406.10426309999997,853.8339078,482.68633170000004,155.89245770000002,625.8117417,273.29694659999996,131.9973223,44.9322628,52.7562195,285.8167374,30.9768419,293.31921989999995,16.1891238,64.4256839,90.3210166,112.9906785,2144.4085214,2281.6127737,1727.0620391,473.78109329999995,199.8988771,429.3201001,293.2837865,271.3551157,307.4155911,747.1408718,933.0054573,93.9378783,928.8820585000001,64.5080849,72.521687,297.3537619,375.9979697,84.7723791,92.8217271,276.3320006,30.5112931,160.3964169,181.050053,350.6947618,579.6716883999999,1511.7038429999998,1628.6129452999999,533.9381989,329.4289015,625.7112904,228.9220133,288.1495838,528.139244,77.55519729999999,120.07568470000001,0.9952012,9.0201967,0.3673822,2.6544962,18.9363688,8.1226506
,1357.5578895,225.3931437,538.4531936999999,911.9162834,768.372408,38.3922063,261.7371063,146.9184123,125.38117580000001,231.89970230000003,245.02162909999998,23.316296,76.5267412,192.2659027,1557.4917492000002,492.03972120000003,151.8880679,583.4762261999999,133.9438883,234.88147800000002,171.42748220000001,101.1394064,102.75514109999999,140.95155820000002,57.855854900000004,11.460936299999998,112.7863445,4.3587489,81.59917970000001,44.066747500000005,55.38976279999999,16.233701,23.738703899999997,54.1883758,45.074974999999995,921.2872375000001,867.8859479,540.7090834999999,228.08204759999998,10.9929754,38.3431115,187.7663662,57.0170686,116.81586449999999,604.3012203000001,326.4259374,233.391058,400.4407098000001,4.0587446,34.5476762,53.823981499999995,155.29876769999998,13.6511277,16.5602566,16.2819303,34.427988,87.6805939,73.8090642,62.651268,153.08540499999998,933.2335706,513.4290214,686.4080501999999,127.2345998,248.1665837,30.3376733,144.7539671,110.3853716,7.4481021,58.24639789999999,3.3359780999999997,32.3427346,46.3008953,0.164348,10.322766399999999,0.0
,1941.9079924,315.3504788999999,537.4013142,1445.7358846000002,654.2638516,130.428708,352.3219866,189.78021640000003,249.329471,328.08026500000005,162.7701881,42.11694850000001,129.5863605,460.24826759999996,1772.7182572000002,438.3115098,344.95502639999995,650.4505122,259.1604753,356.98563889999997,274.0101406,163.5688804,144.9634894,261.097783,119.4697232,52.198747,23.1184852,20.1982051,123.6315024,29.425497799999995,129.9754824,49.194649000000005,103.81958519999999,117.7039403,38.8419578,1140.8895024,1150.6650978,659.5031584,552.9444174,73.1347013,137.9534079,301.78320410000003,58.1033805,103.6905576,391.8955558,436.65724479999994,176.96819280000003,864.3384440000001,167.0362384,15.1423447,206.05423449999998,178.51480759999998,38.9333466,49.713111600000005,37.1412758,37.5567346,202.4473764,47.2105885,90.4214202,188.3234601,962.2353997,564.8514488000001,772.4124881,304.91760009999996,457.4358626,106.53045359999999,181.17387079999997,248.21844420000002,38.9894241,272.21189989999993,42.6108735,58.9866346,11.1687785,9.700379,194.8758592,16.577959200000002
,1837.5511349,307.8412206,655.8493088,1789.9375827999997,1069.0476879999999,191.1658325,324.3385814,263.7000868,481.4090229,415.8757477,298.8865411,124.4697125,301.67028960000005,714.3052229,1805.1081253999998,209.1854655,224.1452169,826.4208954,271.1567097,345.9810218,290.5542648,324.17509399999994,178.36838809999998,517.4891471999999,198.00197830000002,38.480719699999995,34.1272104,23.4026079,296.8226781,142.0379536,241.30199770000002,42.3930203,56.8282827,197.4119169,117.5286228,1215.3741488999997,1976.7221114000001,858.9084482000001,534.2606278000001,151.8086274,257.2313523,258.8074957,190.4052052,220.74934950000002,427.8163537,407.4850055,122.3977658,649.8122695,33.0614273,83.7416713,87.0007109,221.58827929999998,8.1577799,57.9123693,88.7978127,22.988909999999997,99.5912136,274.8583536,157.1594405,291.6464542,1181.6119923,745.6243607,804.5647640999999,237.8472251,405.28752510000004,124.0918599,269.5271516,86.4656584,50.192982900000004,209.63203019999997,47.5074521,82.4459314,8.6755109,61.797989699999995,45.2834877,23.6902255
,1632.3721777,144.1697497,523.1112469,1174.3718388,649.2825019,79.8540798,255.46134089999998,193.29846629999997,161.1148673,355.8587077,187.96587929999998,105.78711,124.31077499999999,391.35158770000004,1688.2768366999999,132.23250689999998,112.022468,405.0889913,91.2217076,169.216495,91.19333389999998,115.6028741,207.6177899,212.34036319999998,127.82587430000001,9.6651498,37.471454900000005,44.0817051,155.8388593,56.0824999,133.4348616,54.7146522,28.549415600000003,86.42169790000001,139.0825994,846.086416,1131.6526575999999,576.0431241999999,314.0943744,144.2251884,397.8778658,374.89547630000004,104.16788929999998,428.9445304,654.4688205,419.2749356,180.89302600000002,650.8589896000001,13.1974808,32.509981100000005,74.0502733,77.3366513,44.9991736,15.178921699999998,226.9506943,15.3394427,146.16931549999998,31.2503048,88.10285630000001,221.8959123,795.8227309,456.56998109999995,699.9363167,177.3692399,327.13125729999996,62.525278,107.4128089,177.4061269,22.607253699999998,177.3199461,48.9398827,22.3725449,11.1926255,55.7552889,37.027019900000006,2.0072341
,1799.8144707000001,258.6856209,694.5709625999999,1137.4917086,673.4736491,127.7929705,142.9939757,268.2527618,162.73100399999998,435.4071118,210.59454110000001,124.3349722,137.2401269,288.9699024,1924.686693,277.7205776,209.338243,316.0506147,92.9744108,132.1951368,127.3265303,120.25338450000001,69.4594718,174.49632450000001,60.5469855,28.766476800000003,13.9119268,16.860370099999997,103.8153753,68.6170156,104.75481479999999,22.5559816,56.799698199999995,73.7547029,52.081951700000005,1062.2745599,1089.7415939,980.0597058,420.9243055,143.7500135,100.6194964,220.25142739999998,198.091378,450.85946780000006,874.3653757000001,515.6139778,95.611249,655.6474131,25.2913682,14.465993000000001,68.4796013,105.6537232,5.2311324,39.9166154,84.04351630000001,10.5816437,211.870019,75.0668272,96.6532475,289.5115737,847.2740044,520.2955476999999,1239.46307,121.254006,316.0843989,39.36225319999999,138.6442161,106.0398285,37.6467152,330.7649407,60.5107646,75.5193988,0.2577177,50.719118699999996,163.9040779,23.1460479
,1934.6275106000003,157.44938080000003,736.2996766,1408.7307140000003,630.9438200000001,524.2580837,319.9136492,172.8497684,127.0315102,444.69131159999995,201.00454150000002,142.66999919999998,181.8589354,798.5490047,1707.9468918000002,164.0777409,116.7051266,218.9919987,103.0376738,103.1173155,45.842382900000004,147.76794109999997,494.1982479,429.73087810000004,92.76667110000001,3.9678735,15.194421,3.349006,111.5997921,100.2851577,108.57417099999999,44.94545,47.3050815,101.4893634,44.005912300000006,909.422544,1634.9878643,760.6046768,514.8832225,188.733172,254.8856766,511.3711761,159.4570261,497.74051360000004,1053.4644084,766.8884803,171.11756419999998,489.2919282,56.043796900000004,14.399525299999999,60.813228800000005,73.9519772,15.6940978,41.1648696,61.594322299999995,41.3940458,334.8620766,163.9536416,75.9699627,388.30172279999994,838.4320386,557.4254186000001,1011.8463594,301.3818083,195.868305,32.2963703,126.67234289999999,67.4877213,17.9626299,417.202791,88.5390977,81.8597655,11.1160198,58.3608593,130.97309410000003,13.4325066
,1808.2423399000004,130.7013478,753.5009926,1176.2329997,477.7496445,426.7266175,264.152954,109.55707740000001,181.5696559,366.2896792,303.4424927,203.8854361,135.92661210000003,411.84105139999997,1692.4798779,290.05388999999997,200.5804566,220.064078,60.9101572,93.79933279999999,77.03701670000001,141.9287505,112.9953148,559.4727258999999,34.2872489,27.525371399999997,14.5689446,0.0,229.0345764,77.924943,108.1669468,15.183458600000002,30.5135543,140.2853045,28.297896899999998,909.7046287000001,1481.5144102000002,959.8582273,385.54585910000003,257.48909899999995,321.72111680000006,237.7856543,216.44904540000002,340.53356169999995,1339.1032406,770.398534,194.08808900000002,758.7489186,39.218307599999996,51.576954300000004,51.7646094,66.6499137,26.8412092,26.113589700000002,47.867556300000004,47.326088,141.9686568,105.131319,55.5372808,247.164973,847.0558148,290.52579269999995,616.5212527,210.63320339999999,140.8339066,20.7278198,94.7559304,102.1131843,10.9692197,536.8212741,92.2920973,55.566885799999994,32.2220854,23.384707300000002,31.6173177,11.4980436
,1733.3405328999997,260.5613555,511.1270148,1201.2199811,547.301229,174.26797140000002,152.9906326,174.5832913,238.66540940000004,298.5548678,233.8707022,166.6006612,122.8839345,484.0473179,1707.9071141,160.09526730000002,204.9363746,227.818267,121.3713896,141.2561672,143.0383767,180.3720863,71.34784049999999,199.4777158,100.63492109999999,24.9725571,16.8854384,71.5531067,118.0891959,87.2193083,245.5769872,25.6662613,35.140268600000006,98.7036501,50.3712643,1103.9596021,1126.3014861,1046.9516949,675.2852672,194.5911408,177.0578749,328.5502111,190.22330140000003,290.2839797,1016.0311498000001,457.8135976,130.78947920000002,319.35157599999997,53.198253900000005,11.703489699999999,51.634511599999996,40.548266500000004,2.9110852,48.2830194,57.38727110000001,27.9097833,296.9684535,211.7894323,70.0579288,581.6574351,839.1710372,382.82859429999996,866.3649659,300.82145319999995,137.82684400000002,58.447423400000005,54.579969299999995,74.44027270000001,10.6003688,242.07223439999999,206.91547960000003,38.730171899999995,5.7874812,33.1264971,51.3365015,8.0912521
,2060.9662061,245.39707900000002,762.4932641,1341.2066235,1014.1118214,104.80104469999999,324.0224287,221.79102740000002,288.2949949,745.0049223000001,333.7676893,120.2273105,175.1522511,653.7093615000001,2178.1021126,208.27067569999997,245.05505469999997,392.6703089,149.7893686,139.21412999999998,143.3145447,166.2826922,92.1782938,479.56740410000003,115.594914,39.4785008,39.0028968,34.4140376,234.7114406,40.258560200000005,128.24338749999998,16.873045400000002,24.221619,128.1167665,119.23937219999999,1418.4901227999999,1592.2056951999998,834.3059066,523.0701079,221.43122129999998,160.9339657,467.08056849999997,170.8421896,241.7041529,1132.1816634,583.809164,162.6475104,876.1484047,44.7817768,57.7474354,122.9623679,147.8664286,35.265378299999995,45.3685157,139.3255627,56.7759346,301.77232979999997,140.97951369999998,69.6103632,507.03905530000003,915.242923,438.7714681,985.1322669000001,364.68967409999993,334.81688970000005,56.767869100000006,322.5862137,99.3091069,25.473501,263.2027479,18.9078382,123.878684,3.9786615999999997,56.7733645,101.02274649999998,6.5761661
,1899.1961324,222.94637110000002,641.8369786000001,920.1959987,795.9357418999999,72.8022489,347.0114675,179.5497433,173.45476349999998,596.2964456999999,340.5864043,462.1642605,230.34796179999998,723.5950672,2316.7924193999997,246.88218539999997,250.3841008,275.3344638,98.2204141,206.49565069999997,182.55567829999998,154.2738351,134.3570152,192.8596934,88.0327593,64.8195652,51.4818465,41.4262382,211.5060375,20.521618000000004,160.5864825,56.08497510000001,33.633623400000005,106.45304309999999,75.28489160000001,1154.0496266999999,1181.1697273,901.0010073,418.0709018,397.5976657,177.89494530000002,248.4325123,169.460553,370.5992907,326.6015661,362.1365257,187.60586809999998,611.7314241,48.67962969999999,2.762632,100.68792410000002,88.30698459999999,67.014165,42.71050940000001,71.21087729999999,192.67390659999998,235.6402056,177.7024096,87.93146349999999,188.2314946,717.2161169,520.2730924,1267.1346798,207.6647947,296.5480775,60.4399489,299.0367465,78.28399449999999,51.915983600000004,189.8662733,17.8760127,35.414107099999995,41.4797336,2.0694097,165.40237330000002,65.1932772
,2267.1925894,401.1559515,781.3756047999999,1216.8436897,1007.343343,83.130429,198.98604329999998,139.044863,164.3513343,332.2902635,175.2510276,34.830130499999996,107.711625,276.73901939999996,1495.6760673,248.244205,352.02446790000005,436.9509446999999,121.05623390000001,279.43063920000003,136.41843059999997,160.1411397,83.1499248,276.65157800000003,102.41646519999999,49.875873299999995,72.8987275,12.434148100000002,190.8168325,134.43843030000002,207.8096705,122.28667479999999,49.4229857,207.429103,89.18610149999999,1000.0453875999999,1319.4796539,890.9585142000001,346.8198044,230.5663245,275.9573312,223.60969699999998,404.8607606,213.7452029,345.05914849999994,627.2775525999999,167.9306444,592.786375,55.098287299999996,11.214104,101.5697383,150.74396339999998,23.022115799999998,29.663896700000002,89.62852000000001,20.839076399999996,26.4330196,135.0378661,128.0008721,344.7990891,721.9057319,648.7902051,672.4461908999999,411.293459,239.6079615,58.9923483,214.6773402,60.1091236,24.5118002,135.3822181,2.1248343,29.792836599999998,30.3586105,1.5308444,68.9057077,5.2110078
2015.0,3078.9421671000005,1144.6611185,1140.331281,2890.058902,2765.8829049,252.51563799999997,324.58931040000004,456.20828009999997,225.3385825,561.0825262000001,487.79195139999996,68.0439327,175.8763363,896.5761076,2565.5103252,1340.1119459000001,727.8460092,1445.9058678999997,440.9996675,597.8709606,515.4937929,456.8069716,117.42246929999999,465.6436065,80.9202368,88.6567841,49.8292334,13.8543332,213.6682818,122.6081134,214.90419109999996,77.2548713,51.645842,213.4902237,188.69132390000001,1774.7839680000002,2362.1646684,1693.0366336000002,321.35467480000005,193.4504405,301.0012133,300.3346767,161.5300447,507.41420189999997,788.1420484,411.79259989999997,113.53745040000001,1126.8308554999999,34.0170991,68.6495041,443.8663294,646.7203752,94.3293852,108.8397228,183.2372758,8.0129386,297.6996559,249.0322612,443.9485666,394.95912330000004,1657.1783202999998,1467.0757424,499.4686807,347.3478999,1099.1211176,451.8156636,298.25175299999995,386.17972380000003,108.2961274,149.6545362,7.29732,10.8762571,9.6662219,76.2815968,16.717427200000003,1.7910533
,1741.8765853,282.28301359999995,504.7794379,1177.0955493999998,800.6792133,63.259777799999995,166.4210496,171.0915176,109.623425,197.09569589999998,219.2477814,38.3795003,101.52124549999999,334.32183779999997,1811.6945499999997,226.7363004,182.6086748,916.6980819,139.5855995,239.57813660000002,182.15448800000001,88.61608629999999,44.00140879999999,224.693534,110.077174,32.6512465,15.4731129,0.0,144.0166327,52.7468793,61.667219200000005,47.067695300000004,31.590403499999997,64.1627832,70.54546280000001,1094.4244081,867.7972954000002,593.7077264,213.02226339999999,119.7193287,79.0257996,254.4048092,45.0658383,68.4170721,286.3016505,500.8438897,64.6272416,350.2416814,21.913144199999998,52.4208505,115.32309710000001,226.23605959999998,14.166075300000001,51.2762325,24.431582600000002,30.2900456,138.8957582,91.86296920000001,117.56787369999999,91.9058514,1018.8665156,453.8349943,674.2680854,495.4377632,413.7333541,49.5254155,243.4564351,151.8124189,65.5300786,197.19785389999998,8.6784909,12.0579445,6.928095399999999,3.5600471000000002,19.4420542,8.4901774
,2108.7953549,340.71730010000005,890.2931476000001,1234.2119152,1235.9412264999999,130.222746,169.8250904,212.38696890000003,126.9629802,329.7511131,246.4448381,58.742556799999996,202.85821430000001,465.17342149999996,2252.6215149,361.5972742,240.03598620000002,605.6391570000001,282.162639,253.9237213,156.3239623,160.6311512,88.2310559,261.9641067,194.0500582,64.3606664,50.6071134,70.8045246,149.0115522,46.3189845,188.9732535,42.8958008,66.61319230000001,74.5433424,48.643383400000005,805.0969489,1570.0977695000001,792.3241905,420.721635,80.36573849999999,136.1459216,247.8917146,44.369248400000004,199.3690794,392.33248569999995,410.7788415,86.58664289999999,880.6984811,85.9505164,15.2780105,191.1518002,194.45667730000002,24.5377047,24.445967699999997,83.11352720000001,19.2883302,180.541192,64.93866589999999,108.8920065,181.75396070000002,836.5625468,704.6101453,1024.7800766,430.15830289999997,500.1338277,54.1445215,198.13128629999997,115.16781599999999,58.9768895,141.8774227,174.03694779999998,31.3295215,0.9530135,33.2088363,28.6812049,0.9892863999999999
,2049.8220745999997,276.42987700000003,800.0933117000001,1820.3091506,1116.0716574,129.2431593,171.21010040000002,299.3400663,185.6819427,601.4554671999999,513.5177721,127.85076459999999,190.25268129999998,390.9631736,1820.0248788,323.9127344,277.9315514,523.8046892,248.05925050000002,328.37788739999996,187.5259495,219.14885040000001,159.75744200000003,365.8120629,42.6493995,101.2298102,37.1753425,18.1639034,232.2413879,50.425325199999996,221.4161802,33.7251991,98.10153290000001,55.351718299999995,138.8653744,1251.2201412000002,1416.9185866,772.3430047,479.4059479,145.15743589999997,237.8726312,234.2677037,159.6556416,219.8024062,805.8905188,446.6517795,184.7049711,666.4752203,41.40871080000001,55.5962661,82.2031104,163.2198278,28.0774677,75.4317315,80.6338059,12.3423113,229.1928552,116.56156770000001,137.5569823,304.36226789999995,1044.0147359,1117.4714334999999,1184.4151096,252.37381559999997,397.6701658,90.4399787,189.6063796,83.50606640000001,10.127196,315.925199,106.5981941,5.858172400000001,4.725384200000001,59.962049300000004,223.11770280000002,3.7061653999999997
,2373.1947533,178.91573079999998,623.5805286,1403.0835123,869.0912121,78.0616152,235.2131407,174.26582609999997,122.62510730000001,355.3088876,353.07318399999997,56.771476500000006,215.69401109999998,421.4831031,2049.3396568000003,188.8706757,128.2445318,294.6754596,195.9972869,242.4758639,177.5422667,101.8261399,92.1404486,293.75746119999997,143.20542799999998,34.3442722,62.0351253,13.2123527,86.01814750000001,91.7974786,159.4715199,60.76956270000001,61.0599096,174.4420741,81.60997320000001,880.1617651,1388.4453171,948.5441563,445.24479870000005,384.5802459,123.25979950000001,213.33893009999997,209.62005150000002,381.77790600000003,679.0937877,590.9190963,69.3585137,448.2681016,39.1858221,16.6823791,165.12795690000002,98.36613209999999,12.4852615,79.43813860000002,196.44641320000002,46.210969600000006,141.1094039,140.56613620000002,119.88663740000001,327.1052317,900.8219423,436.0804115,842.7036937,185.94752590000002,338.6164408,30.3952943,215.7867639,84.9277897,53.5479814,215.50912670000002,35.2652527,23.8952903,10.8097516,25.8586653,26.4973514,83.72716360000001
,1834.6335627,270.960657,569.648096,730.8768038000001,769.6708957000001,159.2260618,190.00178709999997,257.3872276,153.6665978,346.87175149999996,290.15338099999997,125.0409873,196.2256065,414.06864900000005,1464.4571062999999,206.2267146,178.3042029,274.2621985,80.54060319999999,263.0567132,105.580363,105.24278980000001,118.26644680000001,279.92060299999997,70.78317859999999,36.596555099999996,8.0237123,67.8493647,96.67362409999998,20.4296075,128.26732040000002,24.9919704,26.641276499999996,186.0301779,84.192899,840.4596541,1253.7418187,555.7793037,643.5904263,108.98586560000001,187.30780829999998,291.63512,114.9716357,365.96298210000003,662.1697279,391.6340135,275.9960583,379.52734879999997,46.733697500000005,48.71488300000001,98.6292085,73.1360658,20.662598199999998,8.8002772,56.9958068,35.8447496,182.7104977,136.58493239999999,83.91205380000001,166.46567079999997,1345.1534434999999,457.92337649999996,376.4629772,323.5436234,262.21594239999996,38.807119699999994,141.17235159999998,127.23234959999999,29.873956500000002,530.5142337999999,291.335776,86.8176526,4.8046154,85.5675696,165.9019681,27.2213115
,1745.8312531000001,127.3933807,456.6848790000001,1274.8995891,529.5716597,441.5428525,285.6790632,170.8431556,219.8968931,432.38754389999997,256.3292194,139.0785136,187.3153719,693.7140969,1672.2547088000001,151.6533697,312.8112669,256.2374954,155.83900599999998,159.1638594,85.9721065,134.3854629,175.10535539999998,526.9560094000001,105.42808840000001,9.6009568,72.724211,23.1616844,147.5440011,33.600279400000005,124.8908682,25.2278807,86.45305450000001,155.3693663,98.43043610000001,1233.2191641000002,1643.6844742,751.5311126,422.9193762,152.74621720000002,226.4329619,260.4012906,155.9742389,522.9030468,1863.477617,554.0823966,409.00658510000005,566.4387062,31.118994400000002,75.09341629999999,57.0012065,87.6910424,12.0687516,43.0511796,59.4874525,23.4764592,141.1752141,90.71644140000001,61.020759299999995,426.7649711,1037.3434272,464.1172821,770.8755163999999,399.23197369999997,410.70269909999996,37.0386471,98.17576460000001,67.069608,2.5542284,843.4065582000001,114.26969869999999,153.6653357,10.9129748,151.4726576,109.19888660000001,22.1820873
,1726.5407691,251.32154079999998,755.6885983,1085.4352436,840.7129405999999,424.2106819,344.610428,100.95098749999998,174.64444989999998,379.43283629999996,275.8694009,216.82709599999998,104.75875789999999,447.24079149999994,1981.418922,168.37521529999998,141.9921315,316.017072,90.4767829,199.8276052,101.8089499,111.9164897,79.64988260000001,330.18017140000006,99.83297859999999,45.9300972,13.7401922,6.486270899999999,78.1558483,79.1047579,87.3241676,13.621749399999999,53.5661367,107.6455607,39.943388399999996,1041.1815348,1376.6131076000001,1036.3001115,472.1268857,63.1397515,203.2445258,138.11253680000002,288.9866835,358.0056327,1154.017159,356.3198573,178.9291557,602.6211697,23.3175201,87.9658401,77.53016310000001,66.0252234,15.9732711,42.401930199999995,36.1899702,23.870891199999996,154.9289733,95.12367499999999,73.4918066,350.3069326,929.6306628,439.17076030000004,1402.0034075,350.00809789999994,183.6221489,33.4859087,83.4924102,126.7789895,6.5461238,412.1956536,50.9639142,87.5438653,43.2673412,110.85840999999999,111.97423189999999,39.0216507
,2075.4457141000003,326.5237868,489.91360449999996,1349.5052836,713.7146559,334.3074049,145.575755,203.9061599,189.7523429,289.6773749,227.89839299999997,102.2485492,135.3251116,558.8382225,1810.5485506,185.2815269,112.96116990000002,237.1384055,92.6714149,131.4618031,103.08586480000001,229.5817509,89.6839679,310.1759734,47.211903799999995,48.495555700000004,42.6691071,51.8699086,116.5779956,184.97485920000003,196.18821440000002,79.6088082,64.978265,93.63540270000001,113.9273936,1004.0392431999999,1470.7081511000001,1088.0984101,599.1867316,147.58605690000002,356.72519080000006,199.68789410000002,241.551568,483.44560119999994,1140.0337201999998,695.7052578,219.7074332,453.6628487,35.5123635,20.221346399999998,57.8383041,115.63559029999999,26.167331400000002,33.6299301,75.95899189999999,44.898326600000004,269.1108795,78.07608920000001,68.22140110000001,445.8888878,947.3200765,468.66903520000005,1372.332969,302.1738163,250.02500170000002,50.4939548,94.71738690000001,86.7288013,14.4046535,129.7051137,34.6147205,66.689624,14.913861299999999,57.058067699999995,148.6744929,7.4815852
,2075.3394801,260.03901149999996,608.5338347,1449.5802411,722.4996773,196.6924411,310.0523012,247.8630244,124.0453677,574.2653256,489.1112707,255.60942089999998,199.41179380000003,575.1676361,2134.8330011000003,352.0318211,216.4387656,398.0122036,140.5997614,280.5918084,192.8306113,231.17544859999998,122.72000590000002,252.6522354,60.469001,41.8758372,15.8598258,9.1528565,223.1512444,55.6900395,161.22775230000002,34.2156225,47.362411699999996,97.4001024,74.0528789,1155.5458407,1665.4488392,997.6553745,473.7644455,85.0182492,291.0166784,139.84176300000001,215.12595910000002,296.03505500000006,860.2909950000001,258.6848924,198.3800263,755.8484652,23.0114244,40.304977799999996,168.5247951,229.47781999999998,57.4386822,16.6677033,111.6743329,51.9794497,393.0775794,86.3066982,196.534226,375.1528081,1057.5432602,549.3294649,1078.3183687,435.5199449,412.6889805,88.79290209999999,115.858953,219.9835774,9.6316403,348.9241222,203.7663058,68.82166219999999,38.7906745,80.0242912,90.24688760000001,12.459843
,2160.947195,320.80281149999996,844.8436536999999,1769.443732,1004.3670847999999,122.5930561,304.3399589,264.5498827,170.5649742,582.3271826,655.205062,70.2345269,125.6708934,476.0906553,1812.1945279000001,299.8432602,240.5333517,475.1042864000001,128.8899735,330.290107,179.6246787,190.76696820000004,126.5747666,276.868892,94.170371,58.8129435,32.565644899999995,44.767147800000004,209.6456475,36.918671599999996,198.9402859,88.9890493,74.5326101,53.0252889,85.0184421,1315.5733085,1296.0475014,758.7228013,428.2840371,150.8009953,88.1792676,194.0441996,257.10013549999996,279.4169149,621.2025707,292.09702869999995,256.2836954,713.7303512000001,31.9519369,31.430274,78.0776488,214.77319340000003,21.2171175,39.33369,61.314818800000005,37.0698424,135.2642023,57.214414299999994,92.05701189999999,266.9395978,1003.3252481000001,706.398346,1322.7987053,403.2730356,431.06662819999997,80.2412946,328.02831660000004,127.37010339999999,42.2802146,259.4379757,66.09169879999999,108.0681635,6.0866992,21.6192585,19.9046418,8.9681329
,1759.7964801000003,347.5973227,864.1883515,1220.5060475999999,829.2701471,132.6424088,218.58072529999998,299.9723102,187.4794155,303.6299635,212.64615980000002,65.83038950000001,177.9500535,546.0339804,1857.6874728,471.5032977,329.96211410000006,645.4208704,208.750778,241.88792900000004,125.4343679,209.34062169999999,94.2184389,279.9778653,137.3548476,34.5365071,12.7534268,45.6288014,117.1981913,85.91377739999999,164.6478558,34.6211556,84.7546542,78.1648266,80.3934782,1035.496676,1177.8874012,887.8064692,567.3428549999999,87.8919001,117.4777273,158.1338361,78.4230921,242.99148659999997,710.9076250999999,429.3730683,127.59136109999999,713.365645,28.8633507,26.9732476,151.5734467,163.9050577,53.2085709,24.5397307,64.2092715,35.3967724,249.374781,131.4572178,228.89570050000003,385.92330949999996,1513.9496161999998,510.8486287,826.4334938999999,425.7633426,315.51708360000003,69.5545137,204.04102399999996,151.5677052,162.4434176,198.27197289999998,45.228899299999995,20.8285636,11.350453700000001,0.0,109.4544556,31.486645600000003
2016.0,2805.5582690999995,702.3557208999999,1048.2982409,4309.750966000001,2816.0075377999997,259.63233510000003,436.7778221,292.6456432,221.4391649,463.8327177,331.4323948,72.4923715,232.9068406,638.1915229,3052.7025436000004,1551.5177258999997,750.2170153999999,1343.8020357999999,589.379243,500.4275368,799.0408795999999,397.50160320000003,108.1322743,838.7398956999999,194.0757038,31.4359801,61.1352159,37.2028054,259.4984139,51.617823200000004,253.93698780000003,39.9724254,123.1607272,75.2896806,142.24700719999998,1806.6195704000002,1919.7448403,1767.7628021000003,291.61650870000005,242.8269616,368.1514815,183.4139007,170.8266613,403.15277790000005,849.6430091,441.4768893,50.48261709999999,1033.928337,26.582756099999997,54.2696883,267.09109830000006,625.1942095,113.7154658,164.6909965,130.8063505,26.5273136,96.4064862,151.18193950000003,359.83538660000005,579.7750463,2049.88433,2210.8113657999997,861.2264268,452.1037638,763.3077524999999,233.6994341,204.6806629,243.0291099,40.2084628,280.452701,92.7476896,52.8134989,53.8326649,32.3299368,44.149801200000006,52.132030799999995
,1656.8818824999998,235.1736329,612.0427665,1377.5253325,901.0228137999999,97.3831582,157.13380690000002,223.48797180000003,153.9039448,315.90635580000003,149.6368965,67.0042849,114.6522664,540.6607214,1883.2340929,352.93167689999996,191.3918107,477.04143350000004,126.06354850000001,184.83311279999998,159.8865909,149.057907,70.84815189999999,218.1497248,149.99511669999998,27.4546661,29.466740700000003,25.5202151,110.3299636,191.23930380000002,86.25654970000001,38.3458587,33.429841,52.762623999999995,131.4253789,1156.6943971,1777.2067491,633.8190658999999,521.1806582,44.1200305,97.6093499,154.49837789999998,39.4050669,366.4044788,546.8043037,345.74557580000004,93.6794262,842.6850456,14.9918873,32.4698023,156.9615258,167.3191586,22.1831343,20.5330248,47.8945175,9.8238909,179.2262442,148.0209753,158.5806781,179.6327615,973.1054968000001,800.6683103,447.1211045,233.8640972,647.7535224,124.5729833,198.66206719999997,229.1278827,33.127932900000005,229.3609444,200.7522628,39.72008700000001,2.7901365,3.2539648000000003,14.477246699999998,0.0
,1620.6674344000003,308.15442420000005,784.1374632,1735.6480290000002,1059.3400163,169.4907537,197.52037090000002,255.9289533,250.39364680000003,499.3475762,355.23295959999996,60.7736711,149.21510139999998,463.42974369999996,1457.8043771,319.947588,403.6010788,668.523857,194.71569430000002,319.9468174,316.9671829,148.4912648,206.90598469999998,430.01255820000006,121.1698378,40.1088441,34.6314249,21.8628411,130.0004117,88.72706249999999,188.0890531,33.444368600000004,81.1408788,80.5742927,170.85679960000002,692.1914831999999,1281.0606498000002,793.9854957,442.7236689,88.1284825,124.19881629999999,327.220787,179.4549565,254.4355093,300.4556017,465.7849541,144.444487,761.3937497000001,43.304698,31.7244063,246.64277610000002,147.8503584,42.369212600000004,61.04855880000001,136.71784660000003,72.8005375,157.48386560000003,54.9575403,187.43964549999998,256.6826558,1128.0921807,920.832128,463.80421950000004,342.3049721,383.4021754,136.81777989999998,249.16270980000002,193.6848131,63.4511571,210.1664816,47.0059261,215.8219956,22.9289451,12.2866681,56.4465587,49.037016799999996
,2097.6111968,215.6525656,857.3838678,1919.0303758,931.5082899,137.90755249999998,273.9243193,267.1511728,253.4722847,498.03736280000004,568.5294183,158.6404324,162.21116669999998,532.8320767999999,2100.4151569,307.5976215,254.0559896,346.0235124,117.765733,168.2707454,149.63414340000003,127.6783159,43.7130411,453.82226940000004,151.28716079999998,48.1875579,31.972680800000003,38.1881214,216.2658438,103.30820250000001,359.2211827,81.04213469999999,43.4561396,109.00972170000001,40.1003865,881.7008582,1463.2243396,1190.4544950999998,460.37461740000003,135.0734848,225.0772958,230.95806570000002,226.9581829,255.3990927,526.2681252,419.8076911,195.4624788,727.1999097,13.579526,8.158571199999999,130.401907,117.85564760000001,30.5367448,37.4489237,135.5317281,61.401648300000005,277.7570513,142.4209045,219.3779263,675.0315796000001,1311.8152782,770.7685355,880.8392958,386.90593889999997,383.7102057,69.1148058,121.4313581,199.16991420000002,39.9007026,183.97746729999997,51.0614906,83.4596899,5.9956524,20.389620700000002,117.92203549999999,2.8907936
,2040.4915239000002,361.33463689999996,683.7714050000001,1403.8582549,616.5197945,91.75430209999999,221.4526679,324.6417154,373.6601593,502.5355846,275.28694879999995,182.4908915,345.5897053,530.0181958,1793.4106773,237.62344620000002,113.8120989,269.4326485,200.18971309999998,117.6267771,116.8619874,132.5372997,74.57459820000001,307.0993804,128.32338779999998,33.8126588,13.8460537,4.0617453,208.1237865,37.153089800000004,107.26645699999999,58.5207725,104.633128,69.5106754,139.84577819999998,953.7785133000001,1352.2895813,759.3221279,331.7140506,99.05261499999999,167.6352987,262.1995681,115.52478620000001,332.9740983,820.6240757,538.6861402,120.80953749999999,743.9429942,39.5571692,9.885907,208.89150819999998,152.841847,45.9190375,117.5615317,73.4408901,24.2553756,235.43787299999997,171.77864770000002,57.9497908,414.65110669999996,1005.5716382,599.9885643,912.6757226000001,277.8957021,307.95275990000005,36.0637667,163.21683660000002,216.53880170000002,30.611649,289.3510820000001,94.1958859,39.502413399999995,3.7171938,56.7113469,71.5485905,11.2839311
,1927.2969808999999,133.6437729,470.3074251,1280.4470955000002,768.4385378,62.7743824,207.2675422,182.21207900000002,244.1628071,574.6975699,222.7655251,121.4428169,221.6422501,329.53791739999997,2068.5829641,144.8001286,129.7934871,296.97369119999996,103.2639404,154.69094850000002,119.681206,102.06129310000001,65.3707394,204.2613337,64.5553415,49.092635,24.017377999999997,13.799080700000001,124.8471503,19.3807447,132.0641192,60.2516197,57.4274991,132.9046602,35.1992075,766.8594317,969.9768152,704.2385783000001,469.2688321,184.6795849,140.352129,165.9756339,166.01693840000002,386.63462200000004,775.3977123,505.9285257,83.81490289999999,487.82926470000007,18.1968658,12.980744099999999,100.5595944,98.959052,9.6525562,62.6969193,69.9108921,11.5886967,283.1987381,63.792632600000005,95.2269125,309.0508879,930.6456288999999,553.4543797,806.6360906,578.4768277,182.6726504,151.4345627,170.58019589999998,74.29200660000001,8.600271600000001,209.09335330000002,77.416817,58.89643019999999,16.873605400000002,58.832948300000005,98.31960769999999,4.3213362
,1958.1023869,192.5383054,783.9146611,1388.9573882,714.6411506999999,536.7929123,235.78878609999998,124.8557698,169.0629894,550.9959197,456.65120240000005,163.1815122,222.6131421,552.2814948,2216.1959537000002,177.3985403,261.64264,340.02916139999996,70.0512541,125.56541459999998,142.2922623,178.2370898,73.0823369,501.6917485,124.24878389999999,27.880261,29.2415278,22.3846364,61.3577187,36.8274341,192.9623026,97.05160359999999,71.795272,92.6433615,61.9465752,1318.2982963,1418.7583608,1285.7467110000002,790.3763668,209.680487,183.6372458,310.4790405,170.93185480000002,389.2257508,1128.2162165999998,460.50083120000005,330.79388930000005,602.8403911,52.9805024,35.3582882,128.3358255,122.7393601,33.9999744,31.2517333,36.999617900000004,101.8254617,366.4921475,277.65368270000005,244.2785683,484.5314966,1091.8520209,591.5403181,1220.4855762,321.1954779,311.87751569999995,52.075603,84.65717420000001,100.1044546,27.822025200000002,516.9225713,201.6582822,110.89398010000001,23.119438600000002,159.19455380000002,126.06748310000002,50.2726796
,2135.4976463000003,170.15186490000002,728.7422473,1143.4958927,462.3843129,473.0935704,188.925064,159.0656079,210.2542933,430.51700510000006,297.5585525,208.9302626,164.2671576,454.72910400000006,1873.9109096,45.392796,192.481644,356.009526,62.786037199999996,126.2344346,91.55482570000001,104.21119359999999,70.2562335,425.8709047,51.3400891,18.479774300000003,39.681529,11.8800569,178.79574230000003,20.488224199999998,110.6379375,68.69919859999999,51.3817405,55.8233459,44.5062622,1293.8965526,1579.5540913,834.6899973999999,566.72263,129.8294493,155.5034464,326.725783,268.4423317,456.88156960000003,1174.4535783,399.69108479999994,350.5488313,534.7904457,16.064618,24.376274499999997,59.948251400000004,57.546848499999996,2.1934198,27.921421200000005,70.74610600000001,48.524766,126.96147350000001,131.3064661,129.9416094,373.7361032,860.516666,377.7563457,933.4026294,323.0934123,206.15563630000003,25.7889836,88.162731,34.6513695,0.7569922,393.7546223,147.5803414,87.506282,46.777591900000004,115.3023364,84.0522108,6.1563451
,1643.1077265,418.13888610000004,642.5625244999999,1192.1194853000002,463.14544300000006,326.4514727,139.9447759,305.70245580000005,330.8351293,284.4869555,312.4179764,174.3732829,107.7933848,437.2837272,1787.7112152,221.16714109999998,123.17801180000001,242.7156639,81.3675,122.636696,138.1080281,185.8208104,82.8315774,230.8098618,83.2659575,56.4213704,14.3390229,10.6133869,118.9695975,56.9162433,276.6682474,60.674249,33.1971106,156.4016359,48.355638,931.8347928000001,1439.6228816999999,1108.4872379,647.3411837000001,172.1428141,277.0756662,241.207633,279.24965560000004,451.80769530000003,955.8028918000001,490.53716269999995,128.0031868,712.7392940999999,26.193783200000002,100.7868341,86.679137,92.08950589999999,17.9552798,71.39617709999999,61.1790801,32.8510474,277.279957,106.9841151,46.5979424,366.1994692,868.1786396,487.0112339000001,1123.5140987,482.1613285,279.8465971,21.8714307,148.0330221,50.8345962,24.7173277,589.7834254,170.0379047,117.1977366,35.9759588,75.790217,272.8362175,19.667409300000003
,1936.8963006999998,330.278483,745.8328918,1908.4005936,907.2884911,124.0492333,210.60927479999998,143.9482344,436.2537129,479.0831088,327.72348039999997,135.0946045,260.4460035,647.0938368000001,2200.0591136999997,259.9254733,372.72201210000003,357.918411,221.57425020000002,313.08160200000003,172.3198262,332.8789461,60.025687399999995,256.1427138,254.86880939999998,41.9775794,26.5988127,18.6062537,233.0233393,46.8085623,264.06749809999997,25.0056103,98.26502180000001,100.1020407,63.3263496,1328.6845094000003,1915.2358244,1188.2790260000002,489.39319739999996,155.32000820000002,294.2288909,263.0109647,269.2149364,353.2552647,1079.8462386,1192.7800610000002,229.9428592,692.1676342999999,27.0239892,94.2936347,123.14569399999999,280.57169250000004,99.9122323,57.710670199999996,68.642867,20.6873051,220.8558127,130.3040611,85.1608943,502.2326086,1163.3088233,765.0965678,729.9755868999999,544.0383995,458.4783486,34.800694,158.7396565,218.1046155,25.0570673,222.5125899,61.8318405,17.165946700000003,3.7624933,53.4294382,107.85293629999998,0.7549414
,2549.8224708,236.45764549999998,703.1711303,1833.9322855,986.2338766,236.88211679999998,262.84769190000003,136.5908323,318.27265830000005,350.65826510000005,235.62444259999995,80.72432,147.9181987,584.1050255,2075.4382004999998,218.0305476,260.6881993,459.2816926,151.5478292,179.7959697,179.0568513,123.9745236,133.2698715,300.3424221,79.5002311,42.6021513,37.3644706,28.321984,171.0252941,98.2494557,232.3620399,98.5901762,110.8004872,96.99633759999999,88.16443659999999,1180.4125119,1671.5707628,953.3618933,374.67478270000004,424.3750127,81.8372478,459.9240129,117.3014013,222.5611252,650.7137730000001,582.6475797999999,84.9792246,635.9029061,92.0166935,41.049758100000005,138.8408741,108.5852499,14.8151958,18.1217974,70.3770986,19.4734641,244.79652260000003,69.595891,89.72398360000001,402.4921709,1109.0205213000002,947.6343112,857.8834692999999,381.40141330000006,433.85795440000004,100.3125176,196.9918653,104.9683334,16.182891899999998,361.99136730000004,34.0391661,63.125616099999995,10.8394487,59.3810065,59.3133126,5.1806476
,2272.3462400999997,404.1133083,686.190925,1393.4668935999998,759.9514254,64.0764599,197.436098,300.4631012,158.4644853,478.75784260000006,309.3357292,276.75765309999997,123.2872713,529.0124662000001,1928.3555656000003,360.9215671,279.3075255,530.4170797,72.0967564,226.42698719999999,205.7375515,183.79789019999998,86.7743256,196.8123788,165.2718311,24.5460798,47.0014929,12.5067498,95.4444157,76.4351953,163.95293030000002,99.0610076,70.4428348,122.82233690000001,52.3510347,1136.6768711,1549.2279027,1066.3625476,530.8501600999999,129.8073898,434.1978081,143.2551372,37.1756868,156.870181,372.6695792,456.1811891,35.9141303,688.0287810000001,37.7409489,52.908628,59.908975999999996,179.2292929,67.4925083,44.470477900000006,30.772520800000002,13.6415018,33.522267,117.02245400000001,53.6796909,138.8677235,1016.1799921999999,742.9452947000001,656.1675746000001,290.6596885,320.27835769999996,120.372996,234.61393569999998,168.18941460000002,32.8972244,293.67316639999996,116.584283,63.864876100000004,3.4572101,9.6061844,4.2362716,9.9665141
